sale_id,store_id,product_id,sale_date,quantity,revenue
1,S001,P001,2026-06-08,7,419.93
2,S001,P002,2026-06-08,2,79.98
3,S001,P003,2026-06-08,2,179.98
4,S001,P004,2026-06-08,7,139.93
5,S001,P005,2026-06-08,4,119.96
6,S001,P006,2026-06-08,6,719.94
7,S001,P007,2026-06-08,3,299.97
8,S001,P009,2026-06-08,7,349.93
9,S001,P010,2026-06-08,7,174.93
10,S001,P011,2026-06-08,6,269.94
11,S001,P012,2026-06-08,2,69.98
12,S001,P013,2026-06-08,6,179.94
13,S001,P014,2026-06-08,5,99.95
14,S001,P015,2026-06-08,2,109.98
15,S001,P016,2026-06-08,2,139.98
16,S001,P017,2026-06-08,2,69.98
17,S001,P018,2026-06-08,3,44.97
18,S001,P019,2026-06-08,3,83.97
19,S001,P020,2026-06-08,6,449.94
20,S002,P001,2026-06-08,6,359.94
21,S002,P002,2026-06-08,2,79.98
22,S002,P003,2026-06-08,6,539.94
23,S002,P004,2026-06-08,3,59.97
24,S002,P005,2026-06-08,7,209.93
25,S002,P006,2026-06-08,10,1199.9
26,S002,P007,2026-06-08,6,599.94
27,S002,P009,2026-06-08,5,249.95
28,S002,P010,2026-06-08,6,149.94
29,S002,P011,2026-06-08,4,179.96
30,S002,P012,2026-06-08,8,279.92
31,S002,P013,2026-06-08,8,239.92
32,S002,P014,2026-06-08,2,39.98
33,S002,P015,2026-06-08,8,439.92
34,S002,P016,2026-06-08,8,559.92
35,S002,P017,2026-06-08,3,104.97
36,S002,P018,2026-06-08,7,104.93
37,S002,P019,2026-06-08,5,139.95
38,S002,P020,2026-06-08,4,299.96
39,S003,P001,2026-06-08,4,239.96
40,S003,P002,2026-06-08,3,119.97
41,S003,P003,2026-06-08,3,269.97
42,S003,P004,2026-06-08,8,159.92
43,S003,P005,2026-06-08,4,119.96
44,S003,P006,2026-06-08,5,599.95
45,S003,P007,2026-06-08,5,499.95
46,S003,P008,2026-06-08,1,79.99
47,S003,P009,2026-06-08,8,399.92
48,S003,P010,2026-06-08,4,99.96
49,S003,P011,2026-06-08,6,269.94
50,S003,P012,2026-06-08,4,139.96
51,S003,P013,2026-06-08,8,239.92
52,S003,P014,2026-06-08,2,39.98
53,S003,P015,2026-06-08,7,384.93
54,S003,P016,2026-06-08,5,349.95
55,S003,P017,2026-06-08,6,209.94
56,S003,P018,2026-06-08,2,29.98
57,S003,P019,2026-06-08,5,139.95
58,S003,P020,2026-06-08,2,149.98
59,S001,P001,2026-06-09,6,359.94
60,S001,P002,2026-06-09,4,159.96
61,S001,P003,2026-06-09,8,719.92
62,S001,P004,2026-06-09,7,139.93
63,S001,P005,2026-06-09,6,179.94
64,S001,P006,2026-06-09,7,839.93
65,S001,P007,2026-06-09,6,599.94
66,S001,P008,2026-06-09,2,159.98
67,S001,P009,2026-06-09,2,99.98
68,S001,P010,2026-06-09,2,49.98
69,S001,P011,2026-06-09,7,314.93
70,S001,P012,2026-06-09,3,104.97
71,S001,P013,2026-06-09,8,239.92
72,S001,P014,2026-06-09,4,79.96
73,S001,P015,2026-06-09,2,109.98
74,S001,P016,2026-06-09,8,559.92
75,S001,P017,2026-06-09,3,104.97
76,S001,P018,2026-06-09,8,119.92
77,S001,P019,2026-06-09,2,55.98
78,S001,P020,2026-06-09,5,374.95
79,S002,P001,2026-06-09,4,239.96
80,S002,P002,2026-06-09,5,199.95
81,S002,P003,2026-06-09,7,629.93
82,S002,P004,2026-06-09,8,159.92
83,S002,P005,2026-06-09,4,119.96
84,S002,P006,2026-06-09,7,839.93
85,S002,P007,2026-06-09,4,399.96
86,S002,P008,2026-06-09,2,159.98
87,S002,P009,2026-06-09,4,199.96
88,S002,P010,2026-06-09,7,174.93
89,S002,P011,2026-06-09,7,314.93
90,S002,P012,2026-06-09,7,244.93
91,S002,P013,2026-06-09,2,59.98
92,S002,P014,2026-06-09,6,119.94
93,S002,P015,2026-06-09,7,384.93
94,S002,P016,2026-06-09,3,209.97
95,S002,P017,2026-06-09,6,209.94
96,S002,P018,2026-06-09,7,104.93
97,S002,P019,2026-06-09,3,83.97
98,S002,P020,2026-06-09,3,224.97
99,S003,P001,2026-06-09,5,299.95
100,S003,P002,2026-06-09,5,199.95
101,S003,P003,2026-06-09,4,359.96
102,S003,P004,2026-06-09,7,139.93
103,S003,P005,2026-06-09,7,209.93
104,S003,P006,2026-06-09,6,719.94
105,S003,P007,2026-06-09,7,699.93
106,S003,P009,2026-06-09,3,149.97
107,S003,P010,2026-06-09,8,199.92
108,S003,P011,2026-06-09,2,89.98
109,S003,P012,2026-06-09,8,279.92
110,S003,P013,2026-06-09,4,119.96
111,S003,P014,2026-06-09,5,99.95
112,S003,P015,2026-06-09,4,219.96
113,S003,P016,2026-06-09,2,139.98
114,S003,P017,2026-06-09,3,104.97
115,S003,P018,2026-06-09,6,89.94
116,S003,P019,2026-06-09,7,195.93
117,S003,P020,2026-06-09,4,299.96
118,S001,P001,2026-06-10,3,179.97
119,S001,P002,2026-06-10,7,279.93
120,S001,P003,2026-06-10,5,449.95
121,S001,P004,2026-06-10,5,99.95
122,S001,P005,2026-06-10,7,209.93
123,S001,P006,2026-06-10,6,719.94
124,S001,P007,2026-06-10,4,399.96
125,S001,P009,2026-06-10,7,349.93
126,S001,P010,2026-06-10,6,149.94
127,S001,P011,2026-06-10,6,269.94
128,S001,P012,2026-06-10,4,139.96
129,S001,P013,2026-06-10,7,209.93
130,S001,P014,2026-06-10,6,119.94
131,S001,P015,2026-06-10,5,274.95
132,S001,P016,2026-06-10,6,419.94
133,S001,P017,2026-06-10,5,174.95
134,S001,P018,2026-06-10,4,59.96
135,S001,P019,2026-06-10,3,83.97
136,S001,P020,2026-06-10,3,224.97
137,S002,P001,2026-06-10,6,359.94
138,S002,P002,2026-06-10,5,199.95
139,S002,P003,2026-06-10,2,179.98
140,S002,P004,2026-06-10,8,159.92
141,S002,P005,2026-06-10,2,59.98
142,S002,P006,2026-06-10,5,599.95
143,S002,P007,2026-06-10,3,299.97
144,S002,P009,2026-06-10,8,399.92
145,S002,P010,2026-06-10,7,174.93
146,S002,P011,2026-06-10,5,224.95
147,S002,P012,2026-06-10,6,209.94
148,S002,P013,2026-06-10,2,59.98
149,S002,P014,2026-06-10,5,99.95
150,S002,P015,2026-06-10,5,274.95
151,S002,P016,2026-06-10,6,419.94
152,S002,P017,2026-06-10,5,174.95
153,S002,P018,2026-06-10,6,89.94
154,S002,P019,2026-06-10,4,111.96
155,S002,P020,2026-06-10,6,449.94
156,S003,P001,2026-06-10,8,479.92
157,S003,P002,2026-06-10,2,79.98
158,S003,P003,2026-06-10,7,629.93
159,S003,P004,2026-06-10,7,139.93
160,S003,P005,2026-06-10,2,59.98
161,S003,P006,2026-06-10,9,1079.91
162,S003,P007,2026-06-10,8,799.92
163,S003,P008,2026-06-10,2,159.98
164,S003,P009,2026-06-10,4,199.96
165,S003,P010,2026-06-10,2,49.98
166,S003,P011,2026-06-10,4,179.96
167,S003,P012,2026-06-10,5,174.95
168,S003,P013,2026-06-10,3,89.97
169,S003,P014,2026-06-10,5,99.95
170,S003,P015,2026-06-10,2,109.98
171,S003,P016,2026-06-10,7,489.93
172,S003,P017,2026-06-10,7,244.93
173,S003,P018,2026-06-10,4,59.96
174,S003,P019,2026-06-10,6,167.94
175,S003,P020,2026-06-10,8,599.92
176,S001,P001,2026-06-11,3,179.97
177,S001,P002,2026-06-11,6,239.94
178,S001,P003,2026-06-11,2,179.98
179,S001,P004,2026-06-11,8,159.92
180,S001,P005,2026-06-11,7,209.93
181,S001,P006,2026-06-11,10,1199.9
182,S001,P007,2026-06-11,6,599.94
183,S001,P009,2026-06-11,3,149.97
184,S001,P010,2026-06-11,4,99.96
185,S001,P011,2026-06-11,8,359.92
186,S001,P012,2026-06-11,3,104.97
187,S001,P013,2026-06-11,6,179.94
188,S001,P014,2026-06-11,8,159.92
189,S001,P015,2026-06-11,6,329.94
190,S001,P016,2026-06-11,2,139.98
191,S001,P017,2026-06-11,6,209.94
192,S001,P018,2026-06-11,4,59.96
193,S001,P019,2026-06-11,5,139.95
194,S001,P020,2026-06-11,2,149.98
195,S002,P001,2026-06-11,2,119.98
196,S002,P002,2026-06-11,4,159.96
197,S002,P003,2026-06-11,8,719.92
198,S002,P004,2026-06-11,8,159.92
199,S002,P005,2026-06-11,4,119.96
200,S002,P006,2026-06-11,5,599.95
201,S002,P007,2026-06-11,3,299.97
202,S002,P009,2026-06-11,2,99.98
203,S002,P010,2026-06-11,7,174.93
204,S002,P011,2026-06-11,5,224.95
205,S002,P012,2026-06-11,8,279.92
206,S002,P013,2026-06-11,2,59.98
207,S002,P014,2026-06-11,8,159.92
208,S002,P015,2026-06-11,6,329.94
209,S002,P016,2026-06-11,8,559.92
210,S002,P017,2026-06-11,3,104.97
211,S002,P018,2026-06-11,3,44.97
212,S002,P019,2026-06-11,7,195.93
213,S002,P020,2026-06-11,5,374.95
214,S003,P001,2026-06-11,6,359.94
215,S003,P002,2026-06-11,3,119.97
216,S003,P003,2026-06-11,4,359.96
217,S003,P004,2026-06-11,6,119.94
218,S003,P005,2026-06-11,8,239.92
219,S003,P006,2026-06-11,8,959.92
220,S003,P007,2026-06-11,3,299.97
221,S003,P008,2026-06-11,2,159.98
222,S003,P009,2026-06-11,7,349.93
223,S003,P010,2026-06-11,3,74.97
224,S003,P011,2026-06-11,7,314.93
225,S003,P012,2026-06-11,4,139.96
226,S003,P013,2026-06-11,5,149.95
227,S003,P014,2026-06-11,7,139.93
228,S003,P015,2026-06-11,7,384.93
229,S003,P016,2026-06-11,4,279.96
230,S003,P017,2026-06-11,5,174.95
231,S003,P018,2026-06-11,6,89.94
232,S003,P019,2026-06-11,5,139.95
233,S003,P020,2026-06-11,2,149.98
234,S001,P001,2026-06-12,3,179.97
235,S001,P002,2026-06-12,3,119.97
236,S001,P003,2026-06-12,2,179.98
237,S001,P004,2026-06-12,4,79.96
238,S001,P005,2026-06-12,2,59.98
239,S001,P006,2026-06-12,9,1079.91
240,S001,P007,2026-06-12,3,299.97
241,S001,P009,2026-06-12,2,99.98
242,S001,P010,2026-06-12,2,49.98
243,S001,P011,2026-06-12,7,314.93
244,S001,P012,2026-06-12,7,244.93
245,S001,P013,2026-06-12,2,59.98
246,S001,P014,2026-06-12,3,59.97
247,S001,P015,2026-06-12,2,109.98
248,S001,P016,2026-06-12,2,139.98
249,S001,P017,2026-06-12,8,279.92
250,S001,P018,2026-06-12,4,59.96
251,S001,P019,2026-06-12,2,55.98
252,S001,P020,2026-06-12,6,449.94
253,S002,P001,2026-06-12,3,179.97
254,S002,P002,2026-06-12,4,159.96
255,S002,P003,2026-06-12,7,629.93
256,S002,P004,2026-06-12,5,99.95
257,S002,P005,2026-06-12,3,89.97
258,S002,P006,2026-06-12,6,719.94
259,S002,P007,2026-06-12,7,699.93
260,S002,P008,2026-06-12,2,159.98
261,S002,P009,2026-06-12,5,249.95
262,S002,P010,2026-06-12,3,74.97
263,S002,P011,2026-06-12,8,359.92
264,S002,P012,2026-06-12,5,174.95
265,S002,P013,2026-06-12,8,239.92
266,S002,P014,2026-06-12,5,99.95
267,S002,P015,2026-06-12,3,164.97
268,S002,P016,2026-06-12,2,139.98
269,S002,P017,2026-06-12,2,69.98
270,S002,P018,2026-06-12,7,104.93
271,S002,P019,2026-06-12,5,139.95
272,S002,P020,2026-06-12,4,299.96
273,S003,P001,2026-06-12,5,299.95
274,S003,P002,2026-06-12,5,199.95
275,S003,P003,2026-06-12,5,449.95
276,S003,P004,2026-06-12,8,159.92
277,S003,P005,2026-06-12,7,209.93
278,S003,P006,2026-06-12,10,1199.9
279,S003,P007,2026-06-12,7,699.93
280,S003,P009,2026-06-12,2,99.98
281,S003,P010,2026-06-12,5,124.95
282,S003,P011,2026-06-12,7,314.93
283,S003,P012,2026-06-12,4,139.96
284,S003,P013,2026-06-12,8,239.92
285,S003,P014,2026-06-12,8,159.92
286,S003,P015,2026-06-12,2,109.98
287,S003,P016,2026-06-12,3,209.97
288,S003,P017,2026-06-12,3,104.97
289,S003,P018,2026-06-12,3,44.97
290,S003,P019,2026-06-12,6,167.94
291,S003,P020,2026-06-12,5,374.95
292,S001,P001,2026-06-13,3,179.97
293,S001,P002,2026-06-13,6,239.94
294,S001,P003,2026-06-13,3,269.97
295,S001,P004,2026-06-13,5,99.95
296,S001,P005,2026-06-13,6,179.94
297,S001,P006,2026-06-13,6,719.94
298,S001,P007,2026-06-13,6,599.94
299,S001,P008,2026-06-13,2,159.98
300,S001,P009,2026-06-13,2,99.98
301,S001,P010,2026-06-13,2,49.98
302,S001,P011,2026-06-13,8,359.92
303,S001,P012,2026-06-13,7,244.93
304,S001,P013,2026-06-13,10,299.9
305,S001,P014,2026-06-13,2,39.98
306,S001,P015,2026-06-13,2,109.98
307,S001,P016,2026-06-13,10,699.9
308,S001,P017,2026-06-13,10,349.9
309,S001,P018,2026-06-13,3,44.97
310,S001,P019,2026-06-13,3,83.97
311,S001,P020,2026-06-13,6,449.94
312,S002,P001,2026-06-13,6,359.94
313,S002,P002,2026-06-13,6,239.94
314,S002,P003,2026-06-13,3,269.97
315,S002,P004,2026-06-13,10,199.9
316,S002,P005,2026-06-13,6,179.94
317,S002,P006,2026-06-13,7,839.93
318,S002,P007,2026-06-13,6,599.94
319,S002,P008,2026-06-13,1,79.99
320,S002,P009,2026-06-13,5,249.95
321,S002,P010,2026-06-13,10,249.9
322,S002,P011,2026-06-13,10,449.9
323,S002,P012,2026-06-13,6,209.94
324,S002,P013,2026-06-13,5,149.95
325,S002,P014,2026-06-13,6,119.94
326,S002,P015,2026-06-13,8,439.92
327,S002,P016,2026-06-13,8,559.92
328,S002,P017,2026-06-13,10,349.9
329,S002,P018,2026-06-13,7,104.93
330,S002,P019,2026-06-13,8,223.92
331,S002,P020,2026-06-13,8,599.92
332,S003,P001,2026-06-13,6,359.94
333,S003,P002,2026-06-13,3,119.97
334,S003,P003,2026-06-13,3,269.97
335,S003,P004,2026-06-13,5,99.95
336,S003,P005,2026-06-13,3,89.97
337,S003,P006,2026-06-13,11,1319.89
338,S003,P007,2026-06-13,8,799.92
339,S003,P009,2026-06-13,8,399.92
340,S003,P010,2026-06-13,5,124.95
341,S003,P011,2026-06-13,2,89.98
342,S003,P012,2026-06-13,2,69.98
343,S003,P013,2026-06-13,7,209.93
344,S003,P014,2026-06-13,6,119.94
345,S003,P015,2026-06-13,7,384.93
346,S003,P016,2026-06-13,10,699.9
347,S003,P017,2026-06-13,7,244.93
348,S003,P018,2026-06-13,3,44.97
349,S003,P019,2026-06-13,2,55.98
350,S003,P020,2026-06-13,7,524.93
351,S001,P001,2026-06-14,2,119.98
352,S001,P002,2026-06-14,10,399.9
353,S001,P003,2026-06-14,3,269.97
354,S001,P004,2026-06-14,2,39.98
355,S001,P005,2026-06-14,7,209.93
356,S001,P006,2026-06-14,12,1439.88
357,S001,P007,2026-06-14,10,999.9
358,S001,P008,2026-06-14,1,79.99
359,S001,P009,2026-06-14,2,99.98
360,S001,P010,2026-06-14,7,174.93
361,S001,P011,2026-06-14,3,134.97
362,S001,P012,2026-06-14,7,244.93
363,S001,P013,2026-06-14,7,209.93
364,S001,P014,2026-06-14,2,39.98
365,S001,P015,2026-06-14,7,384.93
366,S001,P016,2026-06-14,2,139.98
367,S001,P017,2026-06-14,6,209.94
368,S001,P018,2026-06-14,8,119.92
369,S001,P019,2026-06-14,7,195.93
370,S001,P020,2026-06-14,7,524.93
371,S002,P001,2026-06-14,7,419.93
372,S002,P002,2026-06-14,5,199.95
373,S002,P003,2026-06-14,5,449.95
374,S002,P004,2026-06-14,3,59.97
375,S002,P005,2026-06-14,8,239.92
376,S002,P006,2026-06-14,8,959.92
377,S002,P007,2026-06-14,3,299.97
378,S002,P008,2026-06-14,1,79.99
379,S002,P009,2026-06-14,3,149.97
380,S002,P010,2026-06-14,8,199.92
381,S002,P011,2026-06-14,8,359.92
382,S002,P012,2026-06-14,5,174.95
383,S002,P013,2026-06-14,6,179.94
384,S002,P014,2026-06-14,5,99.95
385,S002,P015,2026-06-14,10,549.9
386,S002,P016,2026-06-14,2,139.98
387,S002,P017,2026-06-14,2,69.98
388,S002,P018,2026-06-14,6,89.94
389,S002,P019,2026-06-14,7,195.93
390,S002,P020,2026-06-14,7,524.93
391,S003,P001,2026-06-14,2,119.98
392,S003,P002,2026-06-14,2,79.98
393,S003,P003,2026-06-14,7,629.93
394,S003,P004,2026-06-14,3,59.97
395,S003,P005,2026-06-14,7,209.93
396,S003,P006,2026-06-14,7,839.93
397,S003,P007,2026-06-14,5,499.95
398,S003,P009,2026-06-14,5,249.95
399,S003,P010,2026-06-14,5,124.95
400,S003,P011,2026-06-14,3,134.97
401,S003,P012,2026-06-14,6,209.94
402,S003,P013,2026-06-14,10,299.9
403,S003,P014,2026-06-14,7,139.93
404,S003,P015,2026-06-14,8,439.92
405,S003,P016,2026-06-14,5,349.95
406,S003,P017,2026-06-14,7,244.93
407,S003,P018,2026-06-14,10,149.9
408,S003,P019,2026-06-14,8,223.92
409,S003,P020,2026-06-14,7,524.93
410,S001,P001,2026-06-15,2,119.98
411,S001,P002,2026-06-15,7,279.93
412,S001,P003,2026-06-15,8,719.92
413,S001,P004,2026-06-15,6,119.94
414,S001,P005,2026-06-15,4,119.96
415,S001,P006,2026-06-15,5,599.95
416,S001,P007,2026-06-15,3,299.97
417,S001,P009,2026-06-15,2,99.98
418,S001,P010,2026-06-15,7,174.93
419,S001,P011,2026-06-15,6,269.94
420,S001,P012,2026-06-15,3,104.97
421,S001,P013,2026-06-15,4,119.96
422,S001,P014,2026-06-15,4,79.96
423,S001,P015,2026-06-15,6,329.94
424,S001,P016,2026-06-15,3,209.97
425,S001,P017,2026-06-15,7,244.93
426,S001,P018,2026-06-15,4,59.96
427,S001,P019,2026-06-15,3,83.97
428,S001,P020,2026-06-15,7,524.93
429,S002,P001,2026-06-15,7,419.93
430,S002,P002,2026-06-15,8,319.92
431,S002,P003,2026-06-15,4,359.96
432,S002,P004,2026-06-15,6,119.94
433,S002,P005,2026-06-15,5,149.95
434,S002,P006,2026-06-15,5,599.95
435,S002,P007,2026-06-15,2,199.98
436,S002,P008,2026-06-15,1,79.99
437,S002,P009,2026-06-15,8,399.92
438,S002,P010,2026-06-15,4,99.96
439,S002,P011,2026-06-15,2,89.98
440,S002,P012,2026-06-15,2,69.98
441,S002,P013,2026-06-15,4,119.96
442,S002,P014,2026-06-15,8,159.92
443,S002,P015,2026-06-15,3,164.97
444,S002,P016,2026-06-15,7,489.93
445,S002,P017,2026-06-15,4,139.96
446,S002,P018,2026-06-15,3,44.97
447,S002,P019,2026-06-15,7,195.93
448,S002,P020,2026-06-15,5,374.95
449,S003,P001,2026-06-15,6,359.94
450,S003,P002,2026-06-15,7,279.93
451,S003,P003,2026-06-15,5,449.95
452,S003,P004,2026-06-15,6,119.94
453,S003,P005,2026-06-15,2,59.98
454,S003,P006,2026-06-15,5,599.95
455,S003,P007,2026-06-15,7,699.93
456,S003,P008,2026-06-15,2,159.98
457,S003,P009,2026-06-15,2,99.98
458,S003,P010,2026-06-15,8,199.92
459,S003,P011,2026-06-15,4,179.96
460,S003,P012,2026-06-15,6,209.94
461,S003,P013,2026-06-15,6,179.94
462,S003,P014,2026-06-15,3,59.97
463,S003,P015,2026-06-15,5,274.95
464,S003,P016,2026-06-15,3,209.97
465,S003,P017,2026-06-15,2,69.98
466,S003,P018,2026-06-15,4,59.96
467,S003,P019,2026-06-15,4,111.96
468,S003,P020,2026-06-15,8,599.92
469,S001,P001,2026-06-16,8,479.92
470,S001,P002,2026-06-16,2,79.98
471,S001,P003,2026-06-16,4,359.96
472,S001,P004,2026-06-16,3,59.97
473,S001,P005,2026-06-16,7,209.93
474,S001,P006,2026-06-16,10,1199.9
475,S001,P007,2026-06-16,2,199.98
476,S001,P008,2026-06-16,2,159.98
477,S001,P009,2026-06-16,8,399.92
478,S001,P010,2026-06-16,5,124.95
479,S001,P011,2026-06-16,6,269.94
480,S001,P012,2026-06-16,7,244.93
481,S001,P013,2026-06-16,3,89.97
482,S001,P014,2026-06-16,3,59.97
483,S001,P015,2026-06-16,8,439.92
484,S001,P016,2026-06-16,3,209.97
485,S001,P017,2026-06-16,8,279.92
486,S001,P018,2026-06-16,8,119.92
487,S001,P019,2026-06-16,3,83.97
488,S001,P020,2026-06-16,5,374.95
489,S002,P001,2026-06-16,2,119.98
490,S002,P002,2026-06-16,3,119.97
491,S002,P003,2026-06-16,7,629.93
492,S002,P004,2026-06-16,4,79.96
493,S002,P005,2026-06-16,8,239.92
494,S002,P006,2026-06-16,10,1199.9
495,S002,P007,2026-06-16,8,799.92
496,S002,P009,2026-06-16,4,199.96
497,S002,P010,2026-06-16,3,74.97
498,S002,P011,2026-06-16,8,359.92
499,S002,P012,2026-06-16,7,244.93
500,S002,P013,2026-06-16,2,59.98
501,S002,P014,2026-06-16,5,99.95
502,S002,P015,2026-06-16,8,439.92
503,S002,P016,2026-06-16,2,139.98
504,S002,P017,2026-06-16,8,279.92
505,S002,P018,2026-06-16,5,74.95
506,S002,P019,2026-06-16,3,83.97
507,S002,P020,2026-06-16,3,224.97
508,S003,P001,2026-06-16,8,479.92
509,S003,P002,2026-06-16,5,199.95
510,S003,P003,2026-06-16,4,359.96
511,S003,P004,2026-06-16,4,79.96
512,S003,P005,2026-06-16,8,239.92
513,S003,P006,2026-06-16,6,719.94
514,S003,P007,2026-06-16,3,299.97
515,S003,P008,2026-06-16,2,159.98
516,S003,P009,2026-06-16,3,149.97
517,S003,P010,2026-06-16,5,124.95
518,S003,P011,2026-06-16,4,179.96
519,S003,P012,2026-06-16,4,139.96
520,S003,P013,2026-06-16,8,239.92
521,S003,P014,2026-06-16,2,39.98
522,S003,P015,2026-06-16,8,439.92
523,S003,P016,2026-06-16,4,279.96
524,S003,P017,2026-06-16,4,139.96
525,S003,P018,2026-06-16,7,104.93
526,S003,P019,2026-06-16,6,167.94
527,S003,P020,2026-06-16,5,374.95
528,S001,P001,2026-06-17,7,419.93
529,S001,P002,2026-06-17,8,319.92
530,S001,P003,2026-06-17,6,539.94
531,S001,P004,2026-06-17,4,79.96
532,S001,P005,2026-06-17,2,59.98
533,S001,P006,2026-06-17,7,839.93
534,S001,P007,2026-06-17,3,299.97
535,S001,P008,2026-06-17,1,79.99
536,S001,P009,2026-06-17,2,99.98
537,S001,P010,2026-06-17,2,49.98
538,S001,P011,2026-06-17,6,269.94
539,S001,P012,2026-06-17,5,174.95
540,S001,P013,2026-06-17,4,119.96
541,S001,P014,2026-06-17,7,139.93
542,S001,P015,2026-06-17,8,439.92
543,S001,P016,2026-06-17,4,279.96
544,S001,P017,2026-06-17,5,174.95
545,S001,P018,2026-06-17,6,89.94
546,S001,P019,2026-06-17,6,167.94
547,S001,P020,2026-06-17,2,149.98
548,S002,P001,2026-06-17,5,299.95
549,S002,P002,2026-06-17,6,239.94
550,S002,P003,2026-06-17,3,269.97
551,S002,P004,2026-06-17,4,79.96
552,S002,P005,2026-06-17,2,59.98
553,S002,P006,2026-06-17,8,959.92
554,S002,P007,2026-06-17,2,199.98
555,S002,P008,2026-06-17,2,159.98
556,S002,P009,2026-06-17,7,349.93
557,S002,P010,2026-06-17,7,174.93
558,S002,P011,2026-06-17,7,314.93
559,S002,P012,2026-06-17,7,244.93
560,S002,P013,2026-06-17,7,209.93
561,S002,P014,2026-06-17,3,59.97
562,S002,P015,2026-06-17,4,219.96
563,S002,P016,2026-06-17,5,349.95
564,S002,P017,2026-06-17,2,69.98
565,S002,P018,2026-06-17,7,104.93
566,S002,P019,2026-06-17,4,111.96
567,S002,P020,2026-06-17,6,449.94
568,S003,P001,2026-06-17,4,239.96
569,S003,P002,2026-06-17,7,279.93
570,S003,P003,2026-06-17,8,719.92
571,S003,P004,2026-06-17,2,39.98
572,S003,P005,2026-06-17,7,209.93
573,S003,P006,2026-06-17,9,1079.91
574,S003,P007,2026-06-17,4,399.96
575,S003,P008,2026-06-17,1,79.99
576,S003,P009,2026-06-17,4,199.96
577,S003,P010,2026-06-17,5,124.95
578,S003,P011,2026-06-17,7,314.93
579,S003,P012,2026-06-17,4,139.96
580,S003,P013,2026-06-17,6,179.94
581,S003,P014,2026-06-17,3,59.97
582,S003,P015,2026-06-17,3,164.97
583,S003,P016,2026-06-17,5,349.95
584,S003,P017,2026-06-17,7,244.93
585,S003,P018,2026-06-17,5,74.95
586,S003,P019,2026-06-17,7,195.93
587,S003,P020,2026-06-17,7,524.93
588,S001,P001,2026-06-18,3,179.97
589,S001,P002,2026-06-18,6,239.94
590,S001,P003,2026-06-18,6,539.94
591,S001,P004,2026-06-18,4,79.96
592,S001,P005,2026-06-18,5,149.95
593,S001,P006,2026-06-18,5,599.95
594,S001,P007,2026-06-18,4,399.96
595,S001,P009,2026-06-18,5,249.95
596,S001,P010,2026-06-18,8,199.92
597,S001,P011,2026-06-18,6,269.94
598,S001,P012,2026-06-18,6,209.94
599,S001,P013,2026-06-18,7,209.93
600,S001,P014,2026-06-18,4,79.96
601,S001,P015,2026-06-18,5,274.95
602,S001,P016,2026-06-18,5,349.95
603,S001,P017,2026-06-18,5,174.95
604,S001,P018,2026-06-18,7,104.93
605,S001,P019,2026-06-18,3,83.97
606,S001,P020,2026-06-18,6,449.94
607,S002,P001,2026-06-18,5,299.95
608,S002,P002,2026-06-18,8,319.92
609,S002,P003,2026-06-18,8,719.92
610,S002,P004,2026-06-18,7,139.93
611,S002,P005,2026-06-18,3,89.97
612,S002,P006,2026-06-18,5,599.95
613,S002,P007,2026-06-18,4,399.96
614,S002,P008,2026-06-18,2,159.98
615,S002,P009,2026-06-18,7,349.93
616,S002,P010,2026-06-18,6,149.94
617,S002,P011,2026-06-18,4,179.96
618,S002,P012,2026-06-18,2,69.98
619,S002,P013,2026-06-18,8,239.92
620,S002,P014,2026-06-18,8,159.92
621,S002,P015,2026-06-18,3,164.97
622,S002,P016,2026-06-18,7,489.93
623,S002,P017,2026-06-18,4,139.96
624,S002,P018,2026-06-18,3,44.97
625,S002,P019,2026-06-18,8,223.92
626,S002,P020,2026-06-18,3,224.97
627,S003,P001,2026-06-18,3,179.97
628,S003,P002,2026-06-18,2,79.98
629,S003,P003,2026-06-18,2,179.98
630,S003,P004,2026-06-18,3,59.97
631,S003,P005,2026-06-18,5,149.95
632,S003,P006,2026-06-18,5,599.95
633,S003,P007,2026-06-18,5,499.95
634,S003,P008,2026-06-18,2,159.98
635,S003,P009,2026-06-18,6,299.94
636,S003,P010,2026-06-18,3,74.97
637,S003,P011,2026-06-18,7,314.93
638,S003,P012,2026-06-18,7,244.93
639,S003,P013,2026-06-18,5,149.95
640,S003,P014,2026-06-18,5,99.95
641,S003,P015,2026-06-18,5,274.95
642,S003,P016,2026-06-18,3,209.97
643,S003,P017,2026-06-18,3,104.97
644,S003,P018,2026-06-18,7,104.93
645,S003,P019,2026-06-18,7,195.93
646,S003,P020,2026-06-18,2,149.98
647,S001,P001,2026-06-19,8,479.92
648,S001,P002,2026-06-19,8,319.92
649,S001,P003,2026-06-19,8,719.92
650,S001,P004,2026-06-19,2,39.98
651,S001,P005,2026-06-19,8,239.92
652,S001,P006,2026-06-19,6,719.94
653,S001,P007,2026-06-19,3,299.97
654,S001,P008,2026-06-19,2,159.98
655,S001,P009,2026-06-19,6,299.94
656,S001,P010,2026-06-19,5,124.95
657,S001,P011,2026-06-19,2,89.98
658,S001,P012,2026-06-19,6,209.94
659,S001,P013,2026-06-19,3,89.97
660,S001,P014,2026-06-19,8,159.92
661,S001,P015,2026-06-19,2,109.98
662,S001,P016,2026-06-19,5,349.95
663,S001,P017,2026-06-19,3,104.97
664,S001,P018,2026-06-19,8,119.92
665,S001,P019,2026-06-19,5,139.95
666,S001,P020,2026-06-19,7,524.93
667,S002,P001,2026-06-19,6,359.94
668,S002,P002,2026-06-19,6,239.94
669,S002,P003,2026-06-19,6,539.94
670,S002,P004,2026-06-19,4,79.96
671,S002,P005,2026-06-19,8,239.92
672,S002,P006,2026-06-19,9,1079.91
673,S002,P007,2026-06-19,8,799.92
674,S002,P008,2026-06-19,2,159.98
675,S002,P009,2026-06-19,5,249.95
676,S002,P010,2026-06-19,8,199.92
677,S002,P011,2026-06-19,6,269.94
678,S002,P012,2026-06-19,5,174.95
679,S002,P013,2026-06-19,3,89.97
680,S002,P014,2026-06-19,7,139.93
681,S002,P015,2026-06-19,8,439.92
682,S002,P016,2026-06-19,5,349.95
683,S002,P017,2026-06-19,5,174.95
684,S002,P018,2026-06-19,4,59.96
685,S002,P019,2026-06-19,8,223.92
686,S002,P020,2026-06-19,3,224.97
687,S003,P001,2026-06-19,8,479.92
688,S003,P002,2026-06-19,7,279.93
689,S003,P003,2026-06-19,4,359.96
690,S003,P004,2026-06-19,8,159.92
691,S003,P005,2026-06-19,8,239.92
692,S003,P006,2026-06-19,8,959.92
693,S003,P007,2026-06-19,7,699.93
694,S003,P008,2026-06-19,1,79.99
695,S003,P009,2026-06-19,5,249.95
696,S003,P010,2026-06-19,2,49.98
697,S003,P011,2026-06-19,7,314.93
698,S003,P012,2026-06-19,4,139.96
699,S003,P013,2026-06-19,3,89.97
700,S003,P014,2026-06-19,4,79.96
701,S003,P015,2026-06-19,4,219.96
702,S003,P016,2026-06-19,4,279.96
703,S003,P017,2026-06-19,6,209.94
704,S003,P018,2026-06-19,2,29.98
705,S003,P019,2026-06-19,3,83.97
706,S003,P020,2026-06-19,3,224.97
707,S001,P001,2026-06-20,3,179.97
708,S001,P002,2026-06-20,6,239.94
709,S001,P003,2026-06-20,8,719.92
710,S001,P004,2026-06-20,3,59.97
711,S001,P005,2026-06-20,8,239.92
712,S001,P006,2026-06-20,6,719.94
713,S001,P007,2026-06-20,6,599.94
714,S001,P008,2026-06-20,1,79.99
715,S001,P009,2026-06-20,7,349.93
716,S001,P010,2026-06-20,6,149.94
717,S001,P011,2026-06-20,6,269.94
718,S001,P012,2026-06-20,2,69.98
719,S001,P013,2026-06-20,3,89.97
720,S001,P014,2026-06-20,10,199.9
721,S001,P015,2026-06-20,6,329.94
722,S001,P016,2026-06-20,6,419.94
723,S001,P017,2026-06-20,10,349.9
724,S001,P018,2026-06-20,7,104.93
725,S001,P019,2026-06-20,8,223.92
726,S001,P020,2026-06-20,2,149.98
727,S002,P001,2026-06-20,10,599.9
728,S002,P002,2026-06-20,10,399.9
729,S002,P003,2026-06-20,7,629.93
730,S002,P004,2026-06-20,6,119.94
731,S002,P005,2026-06-20,6,179.94
732,S002,P006,2026-06-20,8,959.92
733,S002,P007,2026-06-20,5,499.95
734,S002,P008,2026-06-20,1,79.99
735,S002,P009,2026-06-20,10,499.9
736,S002,P010,2026-06-20,10,249.9
737,S002,P011,2026-06-20,6,269.94
738,S002,P012,2026-06-20,7,244.93
739,S002,P013,2026-06-20,8,239.92
740,S002,P014,2026-06-20,8,159.92
741,S002,P015,2026-06-20,7,384.93
742,S002,P016,2026-06-20,10,699.9
743,S002,P017,2026-06-20,7,244.93
744,S002,P018,2026-06-20,3,44.97
745,S002,P019,2026-06-20,6,167.94
746,S002,P020,2026-06-20,3,224.97
747,S003,P001,2026-06-20,5,299.95
748,S003,P002,2026-06-20,6,239.94
749,S003,P003,2026-06-20,6,539.94
750,S003,P004,2026-06-20,2,39.98
751,S003,P005,2026-06-20,6,179.94
752,S003,P006,2026-06-20,12,1439.88
753,S003,P007,2026-06-20,8,799.92
754,S003,P008,2026-06-20,1,79.99
755,S003,P009,2026-06-20,8,399.92
756,S003,P010,2026-06-20,3,74.97
757,S003,P011,2026-06-20,10,449.9
758,S003,P012,2026-06-20,6,209.94
759,S003,P013,2026-06-20,3,89.97
760,S003,P014,2026-06-20,7,139.93
761,S003,P015,2026-06-20,7,384.93
762,S003,P016,2026-06-20,2,139.98
763,S003,P017,2026-06-20,6,209.94
764,S003,P018,2026-06-20,7,104.93
765,S003,P019,2026-06-20,7,195.93
766,S003,P020,2026-06-20,8,599.92
767,S001,P001,2026-06-21,2,119.98
768,S001,P002,2026-06-21,2,79.98
769,S001,P003,2026-06-21,8,719.92
770,S001,P004,2026-06-21,6,119.94
771,S001,P005,2026-06-21,3,89.97
772,S001,P006,2026-06-21,10,1199.9
773,S001,P007,2026-06-21,3,299.97
774,S001,P008,2026-06-21,1,79.99
775,S001,P009,2026-06-21,6,299.94
776,S001,P010,2026-06-21,5,124.95
777,S001,P011,2026-06-21,3,134.97
778,S001,P012,2026-06-21,6,209.94
779,S001,P013,2026-06-21,5,149.95
780,S001,P014,2026-06-21,5,99.95
781,S001,P015,2026-06-21,10,549.9
782,S001,P016,2026-06-21,6,419.94
783,S001,P017,2026-06-21,5,174.95
784,S001,P018,2026-06-21,10,149.9
785,S001,P019,2026-06-21,10,279.9
786,S001,P020,2026-06-21,6,449.94
787,S002,P001,2026-06-21,5,299.95
788,S002,P002,2026-06-21,10,399.9
789,S002,P003,2026-06-21,2,179.98
790,S002,P004,2026-06-21,6,119.94
791,S002,P005,2026-06-21,2,59.98
792,S002,P006,2026-06-21,11,1319.89
793,S002,P007,2026-06-21,2,199.98
794,S002,P009,2026-06-21,8,399.92
795,S002,P010,2026-06-21,2,49.98
796,S002,P011,2026-06-21,10,449.9
797,S002,P012,2026-06-21,8,279.92
798,S002,P013,2026-06-21,2,59.98
799,S002,P014,2026-06-21,10,199.9
800,S002,P015,2026-06-21,2,109.98
801,S002,P016,2026-06-21,3,209.97
802,S002,P017,2026-06-21,3,104.97
803,S002,P018,2026-06-21,10,149.9
804,S002,P019,2026-06-21,2,55.98
805,S002,P020,2026-06-21,7,524.93
806,S003,P001,2026-06-21,3,179.97
807,S003,P002,2026-06-21,3,119.97
808,S003,P003,2026-06-21,3,269.97
809,S003,P004,2026-06-21,6,119.94
810,S003,P005,2026-06-21,8,239.92
811,S003,P006,2026-06-21,11,1319.89
812,S003,P007,2026-06-21,3,299.97
813,S003,P008,2026-06-21,2,159.98
814,S003,P009,2026-06-21,5,249.95
815,S003,P010,2026-06-21,10,249.9
816,S003,P011,2026-06-21,5,224.95
817,S003,P012,2026-06-21,3,104.97
818,S003,P013,2026-06-21,7,209.93
819,S003,P014,2026-06-21,7,139.93
820,S003,P015,2026-06-21,8,439.92
821,S003,P016,2026-06-21,8,559.92
822,S003,P017,2026-06-21,2,69.98
823,S003,P018,2026-06-21,10,149.9
824,S003,P019,2026-06-21,10,279.9
825,S003,P020,2026-06-21,3,224.97
826,S001,P001,2026-06-22,4,239.96
827,S001,P002,2026-06-22,2,79.98
828,S001,P003,2026-06-22,6,539.94
829,S001,P004,2026-06-22,2,39.98
830,S001,P005,2026-06-22,4,119.96
831,S001,P006,2026-06-22,10,1199.9
832,S001,P007,2026-06-22,5,499.95
833,S001,P008,2026-06-22,2,159.98
834,S001,P009,2026-06-22,3,149.97
835,S001,P010,2026-06-22,2,49.98
836,S001,P011,2026-06-22,6,269.94
837,S001,P012,2026-06-22,7,244.93
838,S001,P013,2026-06-22,8,239.92
839,S001,P014,2026-06-22,7,139.93
840,S001,P015,2026-06-22,3,164.97
841,S001,P016,2026-06-22,2,139.98
842,S001,P017,2026-06-22,7,244.93
843,S001,P018,2026-06-22,8,119.92
844,S001,P019,2026-06-22,4,111.96
845,S001,P020,2026-06-22,8,599.92
846,S002,P001,2026-06-22,7,419.93
847,S002,P002,2026-06-22,6,239.94
848,S002,P003,2026-06-22,8,719.92
849,S002,P004,2026-06-22,2,39.98
850,S002,P005,2026-06-22,8,239.92
851,S002,P006,2026-06-22,5,599.95
852,S002,P007,2026-06-22,4,399.96
853,S002,P008,2026-06-22,1,79.99
854,S002,P009,2026-06-22,7,349.93
855,S002,P010,2026-06-22,4,99.96
856,S002,P011,2026-06-22,2,89.98
857,S002,P012,2026-06-22,6,209.94
858,S002,P013,2026-06-22,7,209.93
859,S002,P014,2026-06-22,4,79.96
860,S002,P015,2026-06-22,2,109.98
861,S002,P016,2026-06-22,8,559.92
862,S002,P017,2026-06-22,5,174.95
863,S002,P018,2026-06-22,8,119.92
864,S002,P019,2026-06-22,5,139.95
865,S002,P020,2026-06-22,2,149.98
866,S003,P001,2026-06-22,5,299.95
867,S003,P002,2026-06-22,4,159.96
868,S003,P003,2026-06-22,7,629.93
869,S003,P004,2026-06-22,8,159.92
870,S003,P005,2026-06-22,5,149.95
871,S003,P006,2026-06-22,6,719.94
872,S003,P007,2026-06-22,5,499.95
873,S003,P008,2026-06-22,2,159.98
874,S003,P009,2026-06-22,6,299.94
875,S003,P010,2026-06-22,7,174.93
876,S003,P011,2026-06-22,4,179.96
877,S003,P012,2026-06-22,6,209.94
878,S003,P013,2026-06-22,8,239.92
879,S003,P014,2026-06-22,6,119.94
880,S003,P015,2026-06-22,8,439.92
881,S003,P016,2026-06-22,5,349.95
882,S003,P017,2026-06-22,5,174.95
883,S003,P018,2026-06-22,5,74.95
884,S003,P019,2026-06-22,8,223.92
885,S003,P020,2026-06-22,7,524.93
886,S001,P001,2026-06-23,6,359.94
887,S001,P002,2026-06-23,4,159.96
888,S001,P003,2026-06-23,4,359.96
889,S001,P004,2026-06-23,8,159.92
890,S001,P005,2026-06-23,3,89.97
891,S001,P006,2026-06-23,5,599.95
892,S001,P007,2026-06-23,4,399.96
893,S001,P009,2026-06-23,8,399.92
894,S001,P010,2026-06-23,5,124.95
895,S001,P011,2026-06-23,6,269.94
896,S001,P012,2026-06-23,6,209.94
897,S001,P013,2026-06-23,7,209.93
898,S001,P014,2026-06-23,5,99.95
899,S001,P015,2026-06-23,4,219.96
900,S001,P016,2026-06-23,2,139.98
901,S001,P017,2026-06-23,5,174.95
902,S001,P018,2026-06-23,8,119.92
903,S001,P019,2026-06-23,4,111.96
904,S001,P020,2026-06-23,3,224.97
905,S002,P001,2026-06-23,5,299.95
906,S002,P002,2026-06-23,3,119.97
907,S002,P003,2026-06-23,4,359.96
908,S002,P004,2026-06-23,8,159.92
909,S002,P005,2026-06-23,4,119.96
910,S002,P006,2026-06-23,7,839.93
911,S002,P007,2026-06-23,6,599.94
912,S002,P008,2026-06-23,1,79.99
913,S002,P009,2026-06-23,6,299.94
914,S002,P010,2026-06-23,2,49.98
915,S002,P011,2026-06-23,6,269.94
916,S002,P012,2026-06-23,3,104.97
917,S002,P013,2026-06-23,2,59.98
918,S002,P014,2026-06-23,3,59.97
919,S002,P015,2026-06-23,7,384.93
920,S002,P016,2026-06-23,5,349.95
921,S002,P017,2026-06-23,5,174.95
922,S002,P018,2026-06-23,6,89.94
923,S002,P019,2026-06-23,8,223.92
924,S002,P020,2026-06-23,3,224.97
925,S003,P001,2026-06-23,7,419.93
926,S003,P002,2026-06-23,5,199.95
927,S003,P003,2026-06-23,7,629.93
928,S003,P004,2026-06-23,7,139.93
929,S003,P005,2026-06-23,5,149.95
930,S003,P006,2026-06-23,5,599.95
931,S003,P007,2026-06-23,2,199.98
932,S003,P009,2026-06-23,5,249.95
933,S003,P010,2026-06-23,7,174.93
934,S003,P011,2026-06-23,3,134.97
935,S003,P012,2026-06-23,4,139.96
936,S003,P013,2026-06-23,7,209.93
937,S003,P014,2026-06-23,6,119.94
938,S003,P015,2026-06-23,4,219.96
939,S003,P016,2026-06-23,5,349.95
940,S003,P017,2026-06-23,6,209.94
941,S003,P018,2026-06-23,6,89.94
942,S003,P019,2026-06-23,4,111.96
943,S003,P020,2026-06-23,5,374.95
944,S001,P001,2026-06-24,7,419.93
945,S001,P002,2026-06-24,6,239.94
946,S001,P003,2026-06-24,4,359.96
947,S001,P004,2026-06-24,4,79.96
948,S001,P005,2026-06-24,7,209.93
949,S001,P006,2026-06-24,7,839.93
950,S001,P007,2026-06-24,4,399.96
951,S001,P009,2026-06-24,2,99.98
952,S001,P010,2026-06-24,7,174.93
953,S001,P011,2026-06-24,3,134.97
954,S001,P012,2026-06-24,4,139.96
955,S001,P013,2026-06-24,2,59.98
956,S001,P014,2026-06-24,7,139.93
957,S001,P015,2026-06-24,6,329.94
958,S001,P016,2026-06-24,8,559.92
959,S001,P017,2026-06-24,7,244.93
960,S001,P018,2026-06-24,3,44.97
961,S001,P019,2026-06-24,3,83.97
962,S001,P020,2026-06-24,3,224.97
963,S002,P001,2026-06-24,7,419.93
964,S002,P002,2026-06-24,5,199.95
965,S002,P003,2026-06-24,4,359.96
966,S002,P004,2026-06-24,7,139.93
967,S002,P005,2026-06-24,6,179.94
968,S002,P006,2026-06-24,9,1079.91
969,S002,P007,2026-06-24,6,599.94
970,S002,P009,2026-06-24,8,399.92
971,S002,P010,2026-06-24,3,74.97
972,S002,P011,2026-06-24,4,179.96
973,S002,P012,2026-06-24,3,104.97
974,S002,P013,2026-06-24,4,119.96
975,S002,P014,2026-06-24,3,59.97
976,S002,P015,2026-06-24,4,219.96
977,S002,P016,2026-06-24,2,139.98
978,S002,P017,2026-06-24,7,244.93
979,S002,P018,2026-06-24,6,89.94
980,S002,P019,2026-06-24,3,83.97
981,S002,P020,2026-06-24,4,299.96
982,S003,P001,2026-06-24,2,119.98
983,S003,P002,2026-06-24,2,79.98
984,S003,P003,2026-06-24,6,539.94
985,S003,P004,2026-06-24,4,79.96
986,S003,P005,2026-06-24,7,209.93
987,S003,P006,2026-06-24,10,1199.9
988,S003,P007,2026-06-24,8,799.92
989,S003,P008,2026-06-24,1,79.99
990,S003,P009,2026-06-24,2,99.98
991,S003,P010,2026-06-24,8,199.92
992,S003,P011,2026-06-24,2,89.98
993,S003,P012,2026-06-24,6,209.94
994,S003,P013,2026-06-24,4,119.96
995,S003,P014,2026-06-24,5,99.95
996,S003,P015,2026-06-24,5,274.95
997,S003,P016,2026-06-24,5,349.95
998,S003,P017,2026-06-24,4,139.96
999,S003,P018,2026-06-24,3,44.97
1000,S003,P019,2026-06-24,2,55.98
1001,S003,P020,2026-06-24,4,299.96
1002,S001,P001,2026-06-25,8,479.92
1003,S001,P002,2026-06-25,5,199.95
1004,S001,P003,2026-06-25,2,179.98
1005,S001,P004,2026-06-25,8,159.92
1006,S001,P005,2026-06-25,2,59.98
1007,S001,P006,2026-06-25,8,959.92
1008,S001,P007,2026-06-25,2,199.98
1009,S001,P008,2026-06-25,2,159.98
1010,S001,P009,2026-06-25,7,349.93
1011,S001,P010,2026-06-25,2,49.98
1012,S001,P011,2026-06-25,3,134.97
1013,S001,P012,2026-06-25,3,104.97
1014,S001,P013,2026-06-25,8,239.92
1015,S001,P014,2026-06-25,6,119.94
1016,S001,P015,2026-06-25,4,219.96
1017,S001,P016,2026-06-25,2,139.98
1018,S001,P017,2026-06-25,3,104.97
1019,S001,P018,2026-06-25,2,29.98
1020,S001,P019,2026-06-25,6,167.94
1021,S001,P020,2026-06-25,8,599.92
1022,S002,P001,2026-06-25,5,299.95
1023,S002,P002,2026-06-25,6,239.94
1024,S002,P003,2026-06-25,6,539.94
1025,S002,P004,2026-06-25,8,159.92
1026,S002,P005,2026-06-25,6,179.94
1027,S002,P006,2026-06-25,9,1079.91
1028,S002,P007,2026-06-25,5,499.95
1029,S002,P008,2026-06-25,1,79.99
1030,S002,P009,2026-06-25,4,199.96
1031,S002,P010,2026-06-25,8,199.92
1032,S002,P011,2026-06-25,6,269.94
1033,S002,P012,2026-06-25,5,174.95
1034,S002,P013,2026-06-25,4,119.96
1035,S002,P014,2026-06-25,6,119.94
1036,S002,P015,2026-06-25,6,329.94
1037,S002,P016,2026-06-25,2,139.98
1038,S002,P017,2026-06-25,6,209.94
1039,S002,P018,2026-06-25,7,104.93
1040,S002,P019,2026-06-25,2,55.98
1041,S002,P020,2026-06-25,8,599.92
1042,S003,P001,2026-06-25,3,179.97
1043,S003,P002,2026-06-25,7,279.93
1044,S003,P003,2026-06-25,3,269.97
1045,S003,P004,2026-06-25,4,79.96
1046,S003,P005,2026-06-25,7,209.93
1047,S003,P006,2026-06-25,6,719.94
1048,S003,P007,2026-06-25,3,299.97
1049,S003,P008,2026-06-25,2,159.98
1050,S003,P009,2026-06-25,2,99.98
1051,S003,P010,2026-06-25,3,74.97
1052,S003,P011,2026-06-25,2,89.98
1053,S003,P012,2026-06-25,5,174.95
1054,S003,P013,2026-06-25,5,149.95
1055,S003,P014,2026-06-25,7,139.93
1056,S003,P015,2026-06-25,6,329.94
1057,S003,P016,2026-06-25,5,349.95
1058,S003,P017,2026-06-25,4,139.96
1059,S003,P018,2026-06-25,2,29.98
1060,S003,P019,2026-06-25,3,83.97
1061,S003,P020,2026-06-25,4,299.96
1062,S001,P001,2026-06-26,7,419.93
1063,S001,P002,2026-06-26,4,159.96
1064,S001,P003,2026-06-26,7,629.93
1065,S001,P004,2026-06-26,8,159.92
1066,S001,P005,2026-06-26,5,149.95
1067,S001,P006,2026-06-26,10,1199.9
1068,S001,P007,2026-06-26,3,299.97
1069,S001,P008,2026-06-26,2,159.98
1070,S001,P009,2026-06-26,6,299.94
1071,S001,P010,2026-06-26,7,174.93
1072,S001,P011,2026-06-26,8,359.92
1073,S001,P012,2026-06-26,3,104.97
1074,S001,P013,2026-06-26,5,149.95
1075,S001,P014,2026-06-26,2,39.98
1076,S001,P015,2026-06-26,6,329.94
1077,S001,P016,2026-06-26,3,209.97
1078,S001,P017,2026-06-26,7,244.93
1079,S001,P018,2026-06-26,3,44.97
1080,S001,P019,2026-06-26,4,111.96
1081,S001,P020,2026-06-26,8,599.92
1082,S002,P001,2026-06-26,3,179.97
1083,S002,P002,2026-06-26,2,79.98
1084,S002,P003,2026-06-26,2,179.98
1085,S002,P004,2026-06-26,3,59.97
1086,S002,P005,2026-06-26,8,239.92
1087,S002,P006,2026-06-26,9,1079.91
1088,S002,P007,2026-06-26,7,699.93
1089,S002,P008,2026-06-26,2,159.98
1090,S002,P009,2026-06-26,4,199.96
1091,S002,P010,2026-06-26,5,124.95
1092,S002,P011,2026-06-26,2,89.98
1093,S002,P012,2026-06-26,5,174.95
1094,S002,P013,2026-06-26,7,209.93
1095,S002,P014,2026-06-26,4,79.96
1096,S002,P015,2026-06-26,7,384.93
1097,S002,P016,2026-06-26,5,349.95
1098,S002,P017,2026-06-26,4,139.96
1099,S002,P018,2026-06-26,6,89.94
1100,S002,P019,2026-06-26,6,167.94
1101,S002,P020,2026-06-26,5,374.95
1102,S003,P001,2026-06-26,5,299.95
1103,S003,P002,2026-06-26,2,79.98
1104,S003,P003,2026-06-26,6,539.94
1105,S003,P004,2026-06-26,2,39.98
1106,S003,P005,2026-06-26,5,149.95
1107,S003,P006,2026-06-26,7,839.93
1108,S003,P007,2026-06-26,6,599.94
1109,S003,P009,2026-06-26,2,99.98
1110,S003,P010,2026-06-26,3,74.97
1111,S003,P011,2026-06-26,7,314.93
1112,S003,P012,2026-06-26,8,279.92
1113,S003,P013,2026-06-26,8,239.92
1114,S003,P014,2026-06-26,6,119.94
1115,S003,P015,2026-06-26,6,329.94
1116,S003,P016,2026-06-26,2,139.98
1117,S003,P017,2026-06-26,8,279.92
1118,S003,P018,2026-06-26,7,104.93
1119,S003,P019,2026-06-26,8,223.92
1120,S003,P020,2026-06-26,4,299.96
1121,S001,P001,2026-06-27,7,419.93
1122,S001,P002,2026-06-27,2,79.98
1123,S001,P003,2026-06-27,10,899.9
1124,S001,P004,2026-06-27,10,199.9
1125,S001,P005,2026-06-27,3,89.97
1126,S001,P006,2026-06-27,11,1319.89
1127,S001,P007,2026-06-27,8,799.92
1128,S001,P008,2026-06-27,1,79.99
1129,S001,P009,2026-06-27,3,149.97
1130,S001,P010,2026-06-27,7,174.93
1131,S001,P011,2026-06-27,6,269.94
1132,S001,P012,2026-06-27,8,279.92
1133,S001,P013,2026-06-27,10,299.9
1134,S001,P014,2026-06-27,6,119.94
1135,S001,P015,2026-06-27,2,109.98
1136,S001,P016,2026-06-27,6,419.94
1137,S001,P017,2026-06-27,5,174.95
1138,S001,P018,2026-06-27,6,89.94
1139,S001,P019,2026-06-27,5,139.95
1140,S001,P020,2026-06-27,5,374.95
1141,S002,P001,2026-06-27,8,479.92
1142,S002,P002,2026-06-27,2,79.98
1143,S002,P003,2026-06-27,10,899.9
1144,S002,P004,2026-06-27,3,59.97
1145,S002,P005,2026-06-27,5,149.95
1146,S002,P006,2026-06-27,12,1439.88
1147,S002,P007,2026-06-27,6,599.94
1148,S002,P008,2026-06-27,2,159.98
1149,S002,P009,2026-06-27,6,299.94
1150,S002,P010,2026-06-27,10,249.9
1151,S002,P011,2026-06-27,10,449.9
1152,S002,P012,2026-06-27,7,244.93
1153,S002,P013,2026-06-27,2,59.98
1154,S002,P014,2026-06-27,6,119.94
1155,S002,P015,2026-06-27,2,109.98
1156,S002,P016,2026-06-27,5,349.95
1157,S002,P017,2026-06-27,5,174.95
1158,S002,P018,2026-06-27,5,74.95
1159,S002,P019,2026-06-27,2,55.98
1160,S002,P020,2026-06-27,10,749.9
1161,S003,P001,2026-06-27,6,359.94
1162,S003,P002,2026-06-27,10,399.9
1163,S003,P003,2026-06-27,7,629.93
1164,S003,P004,2026-06-27,10,199.9
1165,S003,P005,2026-06-27,2,59.98
1166,S003,P006,2026-06-27,11,1319.89
1167,S003,P007,2026-06-27,6,599.94
1168,S003,P009,2026-06-27,3,149.97
1169,S003,P010,2026-06-27,7,174.93
1170,S003,P011,2026-06-27,5,224.95
1171,S003,P012,2026-06-27,7,244.93
1172,S003,P013,2026-06-27,10,299.9
1173,S003,P014,2026-06-27,6,119.94
1174,S003,P015,2026-06-27,8,439.92
1175,S003,P016,2026-06-27,6,419.94
1176,S003,P017,2026-06-27,10,349.9
1177,S003,P018,2026-06-27,2,29.98
1178,S003,P019,2026-06-27,3,83.97
1179,S003,P020,2026-06-27,5,374.95
1180,S001,P001,2026-06-28,7,419.93
1181,S001,P002,2026-06-28,3,119.97
1182,S001,P003,2026-06-28,5,449.95
1183,S001,P004,2026-06-28,6,119.94
1184,S001,P005,2026-06-28,8,239.92
1185,S001,P006,2026-06-28,6,719.94
1186,S001,P007,2026-06-28,2,199.98
1187,S001,P008,2026-06-28,2,159.98
1188,S001,P009,2026-06-28,10,499.9
1189,S001,P010,2026-06-28,3,74.97
1190,S001,P011,2026-06-28,8,359.92
1191,S001,P012,2026-06-28,3,104.97
1192,S001,P013,2026-06-28,5,149.95
1193,S001,P014,2026-06-28,7,139.93
1194,S001,P015,2026-06-28,2,109.98
1195,S001,P016,2026-06-28,7,489.93
1196,S001,P017,2026-06-28,6,209.94
1197,S001,P018,2026-06-28,2,29.98
1198,S001,P019,2026-06-28,3,83.97
1199,S001,P020,2026-06-28,10,749.9
1200,S002,P001,2026-06-28,2,119.98
1201,S002,P002,2026-06-28,6,239.94
1202,S002,P003,2026-06-28,2,179.98
1203,S002,P004,2026-06-28,8,159.92
1204,S002,P005,2026-06-28,10,299.9
1205,S002,P006,2026-06-28,10,1199.9
1206,S002,P007,2026-06-28,8,799.92
1207,S002,P008,2026-06-28,2,159.98
1208,S002,P009,2026-06-28,8,399.92
1209,S002,P010,2026-06-28,5,124.95
1210,S002,P011,2026-06-28,6,269.94
1211,S002,P012,2026-06-28,10,349.9
1212,S002,P013,2026-06-28,6,179.94
1213,S002,P014,2026-06-28,6,119.94
1214,S002,P015,2026-06-28,3,164.97
1215,S002,P016,2026-06-28,6,419.94
1216,S002,P017,2026-06-28,7,244.93
1217,S002,P018,2026-06-28,3,44.97
1218,S002,P019,2026-06-28,6,167.94
1219,S002,P020,2026-06-28,3,224.97
1220,S003,P001,2026-06-28,7,419.93
1221,S003,P002,2026-06-28,7,279.93
1222,S003,P003,2026-06-28,8,719.92
1223,S003,P004,2026-06-28,3,59.97
1224,S003,P005,2026-06-28,10,299.9
1225,S003,P006,2026-06-28,8,959.92
1226,S003,P007,2026-06-28,10,999.9
1227,S003,P008,2026-06-28,1,79.99
1228,S003,P009,2026-06-28,5,249.95
1229,S003,P010,2026-06-28,10,249.9
1230,S003,P011,2026-06-28,7,314.93
1231,S003,P012,2026-06-28,5,174.95
1232,S003,P013,2026-06-28,10,299.9
1233,S003,P014,2026-06-28,2,39.98
1234,S003,P015,2026-06-28,5,274.95
1235,S003,P016,2026-06-28,8,559.92
1236,S003,P017,2026-06-28,5,174.95
1237,S003,P018,2026-06-28,10,149.9
1238,S003,P019,2026-06-28,7,195.93
1239,S003,P020,2026-06-28,7,524.93
1240,S001,P001,2026-06-29,7,419.93
1241,S001,P002,2026-06-29,5,199.95
1242,S001,P003,2026-06-29,8,719.92
1243,S001,P004,2026-06-29,3,59.97
1244,S001,P005,2026-06-29,5,149.95
1245,S001,P006,2026-06-29,8,959.92
1246,S001,P007,2026-06-29,4,399.96
1247,S001,P008,2026-06-29,2,159.98
1248,S001,P009,2026-06-29,8,399.92
1249,S001,P010,2026-06-29,6,149.94
1250,S001,P011,2026-06-29,5,224.95
1251,S001,P012,2026-06-29,5,174.95
1252,S001,P013,2026-06-29,4,119.96
1253,S001,P014,2026-06-29,8,159.92
1254,S001,P015,2026-06-29,3,164.97
1255,S001,P016,2026-06-29,7,489.93
1256,S001,P017,2026-06-29,3,104.97
1257,S001,P018,2026-06-29,6,89.94
1258,S001,P019,2026-06-29,5,139.95
1259,S001,P020,2026-06-29,3,224.97
1260,S002,P001,2026-06-29,8,479.92
1261,S002,P002,2026-06-29,8,319.92
1262,S002,P003,2026-06-29,5,449.95
1263,S002,P004,2026-06-29,2,39.98
1264,S002,P005,2026-06-29,4,119.96
1265,S002,P006,2026-06-29,8,959.92
1266,S002,P007,2026-06-29,7,699.93
1267,S002,P008,2026-06-29,1,79.99
1268,S002,P009,2026-06-29,5,249.95
1269,S002,P010,2026-06-29,7,174.93
1270,S002,P011,2026-06-29,8,359.92
1271,S002,P012,2026-06-29,8,279.92
1272,S002,P013,2026-06-29,7,209.93
1273,S002,P014,2026-06-29,3,59.97
1274,S002,P015,2026-06-29,5,274.95
1275,S002,P016,2026-06-29,2,139.98
1276,S002,P017,2026-06-29,3,104.97
1277,S002,P018,2026-06-29,6,89.94
1278,S002,P019,2026-06-29,6,167.94
1279,S002,P020,2026-06-29,4,299.96
1280,S003,P001,2026-06-29,8,479.92
1281,S003,P002,2026-06-29,2,79.98
1282,S003,P003,2026-06-29,8,719.92
1283,S003,P004,2026-06-29,8,159.92
1284,S003,P005,2026-06-29,5,149.95
1285,S003,P006,2026-06-29,9,1079.91
1286,S003,P007,2026-06-29,5,499.95
1287,S003,P008,2026-06-29,2,159.98
1288,S003,P009,2026-06-29,3,149.97
1289,S003,P010,2026-06-29,5,124.95
1290,S003,P011,2026-06-29,8,359.92
1291,S003,P012,2026-06-29,7,244.93
1292,S003,P013,2026-06-29,3,89.97
1293,S003,P014,2026-06-29,2,39.98
1294,S003,P015,2026-06-29,5,274.95
1295,S003,P016,2026-06-29,8,559.92
1296,S003,P017,2026-06-29,4,139.96
1297,S003,P018,2026-06-29,4,59.96
1298,S003,P019,2026-06-29,6,167.94
1299,S003,P020,2026-06-29,7,524.93
1300,S001,P001,2026-06-30,5,299.95
1301,S001,P002,2026-06-30,7,279.93
1302,S001,P003,2026-06-30,2,179.98
1303,S001,P004,2026-06-30,8,159.92
1304,S001,P005,2026-06-30,4,119.96
1305,S001,P006,2026-06-30,10,1199.9
1306,S001,P007,2026-06-30,8,799.92
1307,S001,P008,2026-06-30,1,79.99
1308,S001,P009,2026-06-30,4,199.96
1309,S001,P010,2026-06-30,7,174.93
1310,S001,P011,2026-06-30,7,314.93
1311,S001,P012,2026-06-30,8,279.92
1312,S001,P013,2026-06-30,5,149.95
1313,S001,P014,2026-06-30,8,159.92
1314,S001,P015,2026-06-30,6,329.94
1315,S001,P016,2026-06-30,2,139.98
1316,S001,P017,2026-06-30,6,209.94
1317,S001,P018,2026-06-30,2,29.98
1318,S001,P019,2026-06-30,3,83.97
1319,S001,P020,2026-06-30,7,524.93
1320,S002,P001,2026-06-30,7,419.93
1321,S002,P002,2026-06-30,4,159.96
1322,S002,P003,2026-06-30,3,269.97
1323,S002,P004,2026-06-30,7,139.93
1324,S002,P005,2026-06-30,2,59.98
1325,S002,P006,2026-06-30,5,599.95
1326,S002,P007,2026-06-30,8,799.92
1327,S002,P008,2026-06-30,2,159.98
1328,S002,P009,2026-06-30,8,399.92
1329,S002,P010,2026-06-30,2,49.98
1330,S002,P011,2026-06-30,5,224.95
1331,S002,P012,2026-06-30,3,104.97
1332,S002,P013,2026-06-30,7,209.93
1333,S002,P014,2026-06-30,4,79.96
1334,S002,P015,2026-06-30,2,109.98
1335,S002,P016,2026-06-30,2,139.98
1336,S002,P017,2026-06-30,4,139.96
1337,S002,P018,2026-06-30,8,119.92
1338,S002,P019,2026-06-30,2,55.98
1339,S002,P020,2026-06-30,4,299.96
1340,S003,P001,2026-06-30,4,239.96
1341,S003,P002,2026-06-30,4,159.96
1342,S003,P003,2026-06-30,5,449.95
1343,S003,P004,2026-06-30,3,59.97
1344,S003,P005,2026-06-30,3,89.97
1345,S003,P006,2026-06-30,8,959.92
1346,S003,P007,2026-06-30,6,599.94
1347,S003,P009,2026-06-30,3,149.97
1348,S003,P010,2026-06-30,3,74.97
1349,S003,P011,2026-06-30,2,89.98
1350,S003,P012,2026-06-30,6,209.94
1351,S003,P013,2026-06-30,8,239.92
1352,S003,P014,2026-06-30,5,99.95
1353,S003,P015,2026-06-30,6,329.94
1354,S003,P016,2026-06-30,7,489.93
1355,S003,P017,2026-06-30,3,104.97
1356,S003,P018,2026-06-30,5,74.95
1357,S003,P019,2026-06-30,6,167.94
1358,S003,P020,2026-06-30,3,224.97
1359,S001,P001,2026-07-01,3,179.97
1360,S001,P002,2026-07-01,5,199.95
1361,S001,P003,2026-07-01,7,629.93
1362,S001,P004,2026-07-01,4,79.96
1363,S001,P005,2026-07-01,5,149.95
1364,S001,P006,2026-07-01,10,1199.9
1365,S001,P007,2026-07-01,2,199.98
1366,S001,P008,2026-07-01,1,79.99
1367,S001,P009,2026-07-01,4,199.96
1368,S001,P010,2026-07-01,7,174.93
1369,S001,P011,2026-07-01,6,269.94
1370,S001,P012,2026-07-01,3,104.97
1371,S001,P013,2026-07-01,2,59.98
1372,S001,P014,2026-07-01,5,99.95
1373,S001,P015,2026-07-01,4,219.96
1374,S001,P016,2026-07-01,6,419.94
1375,S001,P017,2026-07-01,4,139.96
1376,S001,P018,2026-07-01,7,104.93
1377,S001,P019,2026-07-01,5,139.95
1378,S001,P020,2026-07-01,7,524.93
1379,S002,P001,2026-07-01,4,239.96
1380,S002,P002,2026-07-01,5,199.95
1381,S002,P003,2026-07-01,8,719.92
1382,S002,P004,2026-07-01,4,79.96
1383,S002,P005,2026-07-01,3,89.97
1384,S002,P006,2026-07-01,8,959.92
1385,S002,P007,2026-07-01,2,199.98
1386,S002,P008,2026-07-01,1,79.99
1387,S002,P009,2026-07-01,6,299.94
1388,S002,P010,2026-07-01,4,99.96
1389,S002,P011,2026-07-01,6,269.94
1390,S002,P012,2026-07-01,4,139.96
1391,S002,P013,2026-07-01,7,209.93
1392,S002,P014,2026-07-01,4,79.96
1393,S002,P015,2026-07-01,2,109.98
1394,S002,P016,2026-07-01,8,559.92
1395,S002,P017,2026-07-01,7,244.93
1396,S002,P018,2026-07-01,5,74.95
1397,S002,P019,2026-07-01,4,111.96
1398,S002,P020,2026-07-01,2,149.98
1399,S003,P001,2026-07-01,6,359.94
1400,S003,P002,2026-07-01,8,319.92
1401,S003,P003,2026-07-01,7,629.93
1402,S003,P004,2026-07-01,8,159.92
1403,S003,P005,2026-07-01,7,209.93
1404,S003,P006,2026-07-01,9,1079.91
1405,S003,P007,2026-07-01,7,699.93
1406,S003,P008,2026-07-01,1,79.99
1407,S003,P009,2026-07-01,8,399.92
1408,S003,P010,2026-07-01,8,199.92
1409,S003,P011,2026-07-01,3,134.97
1410,S003,P012,2026-07-01,6,209.94
1411,S003,P013,2026-07-01,8,239.92
1412,S003,P014,2026-07-01,4,79.96
1413,S003,P015,2026-07-01,3,164.97
1414,S003,P016,2026-07-01,7,489.93
1415,S003,P017,2026-07-01,3,104.97
1416,S003,P018,2026-07-01,6,89.94
1417,S003,P019,2026-07-01,4,111.96
1418,S003,P020,2026-07-01,7,524.93
1419,S001,P001,2026-07-02,8,479.92
1420,S001,P002,2026-07-02,7,279.93
1421,S001,P003,2026-07-02,8,719.92
1422,S001,P004,2026-07-02,7,139.93
1423,S001,P005,2026-07-02,7,209.93
1424,S001,P006,2026-07-02,6,719.94
1425,S001,P007,2026-07-02,7,699.93
1426,S001,P008,2026-07-02,2,159.98
1427,S001,P009,2026-07-02,7,349.93
1428,S001,P010,2026-07-02,2,49.98
1429,S001,P011,2026-07-02,4,179.96
1430,S001,P012,2026-07-02,8,279.92
1431,S001,P013,2026-07-02,5,149.95
1432,S001,P014,2026-07-02,2,39.98
1433,S001,P015,2026-07-02,6,329.94
1434,S001,P016,2026-07-02,4,279.96
1435,S001,P017,2026-07-02,7,244.93
1436,S001,P018,2026-07-02,3,44.97
1437,S001,P019,2026-07-02,2,55.98
1438,S001,P020,2026-07-02,4,299.96
1439,S002,P001,2026-07-02,4,239.96
1440,S002,P002,2026-07-02,7,279.93
1441,S002,P003,2026-07-02,5,449.95
1442,S002,P004,2026-07-02,3,59.97
1443,S002,P005,2026-07-02,3,89.97
1444,S002,P006,2026-07-02,9,1079.91
1445,S002,P007,2026-07-02,4,399.96
1446,S002,P008,2026-07-02,2,159.98
1447,S002,P009,2026-07-02,4,199.96
1448,S002,P010,2026-07-02,8,199.92
1449,S002,P011,2026-07-02,3,134.97
1450,S002,P012,2026-07-02,4,139.96
1451,S002,P013,2026-07-02,8,239.92
1452,S002,P014,2026-07-02,5,99.95
1453,S002,P015,2026-07-02,8,439.92
1454,S002,P016,2026-07-02,4,279.96
1455,S002,P017,2026-07-02,7,244.93
1456,S002,P018,2026-07-02,8,119.92
1457,S002,P019,2026-07-02,4,111.96
1458,S002,P020,2026-07-02,8,599.92
1459,S003,P001,2026-07-02,2,119.98
1460,S003,P002,2026-07-02,5,199.95
1461,S003,P003,2026-07-02,2,179.98
1462,S003,P004,2026-07-02,3,59.97
1463,S003,P005,2026-07-02,8,239.92
1464,S003,P006,2026-07-02,10,1199.9
1465,S003,P007,2026-07-02,7,699.93
1466,S003,P008,2026-07-02,1,79.99
1467,S003,P009,2026-07-02,8,399.92
1468,S003,P010,2026-07-02,8,199.92
1469,S003,P011,2026-07-02,6,269.94
1470,S003,P012,2026-07-02,4,139.96
1471,S003,P013,2026-07-02,2,59.98
1472,S003,P014,2026-07-02,8,159.92
1473,S003,P015,2026-07-02,5,274.95
1474,S003,P016,2026-07-02,2,139.98
1475,S003,P017,2026-07-02,4,139.96
1476,S003,P018,2026-07-02,6,89.94
1477,S003,P019,2026-07-02,2,55.98
1478,S003,P020,2026-07-02,5,374.95
1479,S001,P001,2026-07-03,4,239.96
1480,S001,P002,2026-07-03,7,279.93
1481,S001,P003,2026-07-03,7,629.93
1482,S001,P004,2026-07-03,7,139.93
1483,S001,P005,2026-07-03,4,119.96
1484,S001,P006,2026-07-03,8,959.92
1485,S001,P007,2026-07-03,8,799.92
1486,S001,P008,2026-07-03,1,79.99
1487,S001,P009,2026-07-03,2,99.98
1488,S001,P010,2026-07-03,7,174.93
1489,S001,P011,2026-07-03,3,134.97
1490,S001,P012,2026-07-03,5,174.95
1491,S001,P013,2026-07-03,2,59.98
1492,S001,P014,2026-07-03,6,119.94
1493,S001,P015,2026-07-03,6,329.94
1494,S001,P016,2026-07-03,4,279.96
1495,S001,P017,2026-07-03,6,209.94
1496,S001,P018,2026-07-03,3,44.97
1497,S001,P019,2026-07-03,7,195.93
1498,S001,P020,2026-07-03,2,149.98
1499,S002,P001,2026-07-03,7,419.93
1500,S002,P002,2026-07-03,8,319.92
1501,S002,P003,2026-07-03,5,449.95
1502,S002,P004,2026-07-03,7,139.93
1503,S002,P005,2026-07-03,4,119.96
1504,S002,P006,2026-07-03,8,959.92
1505,S002,P007,2026-07-03,2,199.98
1506,S002,P009,2026-07-03,2,99.98
1507,S002,P010,2026-07-03,4,99.96
1508,S002,P011,2026-07-03,5,224.95
1509,S002,P012,2026-07-03,2,69.98
1510,S002,P013,2026-07-03,2,59.98
1511,S002,P014,2026-07-03,3,59.97
1512,S002,P015,2026-07-03,6,329.94
1513,S002,P016,2026-07-03,3,209.97
1514,S002,P017,2026-07-03,5,174.95
1515,S002,P018,2026-07-03,5,74.95
1516,S002,P019,2026-07-03,4,111.96
1517,S002,P020,2026-07-03,7,524.93
1518,S003,P001,2026-07-03,7,419.93
1519,S003,P002,2026-07-03,7,279.93
1520,S003,P003,2026-07-03,6,539.94
1521,S003,P004,2026-07-03,5,99.95
1522,S003,P005,2026-07-03,6,179.94
1523,S003,P006,2026-07-03,10,1199.9
1524,S003,P007,2026-07-03,3,299.97
1525,S003,P008,2026-07-03,2,159.98
1526,S003,P009,2026-07-03,2,99.98
1527,S003,P010,2026-07-03,8,199.92
1528,S003,P011,2026-07-03,5,224.95
1529,S003,P012,2026-07-03,6,209.94
1530,S003,P013,2026-07-03,5,149.95
1531,S003,P014,2026-07-03,4,79.96
1532,S003,P015,2026-07-03,2,109.98
1533,S003,P016,2026-07-03,7,489.93
1534,S003,P017,2026-07-03,4,139.96
1535,S003,P018,2026-07-03,3,44.97
1536,S003,P019,2026-07-03,5,139.95
1537,S003,P020,2026-07-03,5,374.95
1538,S001,P001,2026-07-04,3,179.97
1539,S001,P002,2026-07-04,10,399.9
1540,S001,P003,2026-07-04,5,449.95
1541,S001,P004,2026-07-04,2,39.98
1542,S001,P005,2026-07-04,8,239.92
1543,S001,P006,2026-07-04,11,1319.89
1544,S001,P007,2026-07-04,8,799.92
1545,S001,P009,2026-07-04,6,299.94
1546,S001,P010,2026-07-04,5,124.95
1547,S001,P011,2026-07-04,3,134.97
1548,S001,P012,2026-07-04,2,69.98
1549,S001,P013,2026-07-04,10,299.9
1550,S001,P014,2026-07-04,10,199.9
1551,S001,P015,2026-07-04,6,329.94
1552,S001,P016,2026-07-04,2,139.98
1553,S001,P017,2026-07-04,8,279.92
1554,S001,P018,2026-07-04,3,44.97
1555,S001,P019,2026-07-04,8,223.92
1556,S001,P020,2026-07-04,8,599.92
1557,S002,P001,2026-07-04,7,419.93
1558,S002,P002,2026-07-04,2,79.98
1559,S002,P003,2026-07-04,2,179.98
1560,S002,P004,2026-07-04,10,199.9
1561,S002,P005,2026-07-04,5,149.95
1562,S002,P006,2026-07-04,7,839.93
1563,S002,P007,2026-07-04,10,999.9
1564,S002,P009,2026-07-04,2,99.98
1565,S002,P010,2026-07-04,10,249.9
1566,S002,P011,2026-07-04,10,449.9
1567,S002,P012,2026-07-04,7,244.93
1568,S002,P013,2026-07-04,3,89.97
1569,S002,P014,2026-07-04,7,139.93
1570,S002,P015,2026-07-04,3,164.97
1571,S002,P016,2026-07-04,10,699.9
1572,S002,P017,2026-07-04,10,349.9
1573,S002,P018,2026-07-04,3,44.97
1574,S002,P019,2026-07-04,5,139.95
1575,S002,P020,2026-07-04,10,749.9
1576,S003,P001,2026-07-04,3,179.97
1577,S003,P002,2026-07-04,10,399.9
1578,S003,P003,2026-07-04,7,629.93
1579,S003,P004,2026-07-04,2,39.98
1580,S003,P005,2026-07-04,5,149.95
1581,S003,P006,2026-07-04,7,839.93
1582,S003,P007,2026-07-04,3,299.97
1583,S003,P008,2026-07-04,1,79.99
1584,S003,P009,2026-07-04,10,499.9
1585,S003,P010,2026-07-04,3,74.97
1586,S003,P011,2026-07-04,2,89.98
1587,S003,P012,2026-07-04,8,279.92
1588,S003,P013,2026-07-04,10,299.9
1589,S003,P014,2026-07-04,2,39.98
1590,S003,P015,2026-07-04,3,164.97
1591,S003,P016,2026-07-04,2,139.98
1592,S003,P017,2026-07-04,5,174.95
1593,S003,P018,2026-07-04,10,149.9
1594,S003,P019,2026-07-04,10,279.9
1595,S003,P020,2026-07-04,3,224.97
1596,S001,P001,2026-07-05,7,419.93
1597,S001,P002,2026-07-05,5,199.95
1598,S001,P003,2026-07-05,2,179.98
1599,S001,P004,2026-07-05,3,59.97
1600,S001,P005,2026-07-05,5,149.95
1601,S001,P006,2026-07-05,7,839.93
1602,S001,P007,2026-07-05,8,799.92
1603,S001,P008,2026-07-05,2,159.98
1604,S001,P009,2026-07-05,2,99.98
1605,S001,P010,2026-07-05,8,199.92
1606,S001,P011,2026-07-05,2,89.98
1607,S001,P012,2026-07-05,6,209.94
1608,S001,P013,2026-07-05,6,179.94
1609,S001,P014,2026-07-05,10,199.9
1610,S001,P015,2026-07-05,5,274.95
1611,S001,P016,2026-07-05,7,489.93
1612,S001,P017,2026-07-05,7,244.93
1613,S001,P018,2026-07-05,2,29.98
1614,S001,P019,2026-07-05,6,167.94
1615,S001,P020,2026-07-05,7,524.93
1616,S002,P001,2026-07-05,3,179.97
1617,S002,P002,2026-07-05,7,279.93
1618,S002,P003,2026-07-05,2,179.98
1619,S002,P004,2026-07-05,8,159.92
1620,S002,P005,2026-07-05,10,299.9
1621,S002,P006,2026-07-05,12,1439.88
1622,S002,P007,2026-07-05,7,699.93
1623,S002,P008,2026-07-05,1,79.99
1624,S002,P009,2026-07-05,8,399.92
1625,S002,P010,2026-07-05,2,49.98
1626,S002,P011,2026-07-05,2,89.98
1627,S002,P012,2026-07-05,6,209.94
1628,S002,P013,2026-07-05,10,299.9
1629,S002,P014,2026-07-05,6,119.94
1630,S002,P015,2026-07-05,6,329.94
1631,S002,P016,2026-07-05,8,559.92
1632,S002,P017,2026-07-05,2,69.98
1633,S002,P018,2026-07-05,6,89.94
1634,S002,P019,2026-07-05,8,223.92
1635,S002,P020,2026-07-05,6,449.94
1636,S003,P001,2026-07-05,2,119.98
1637,S003,P002,2026-07-05,2,79.98
1638,S003,P003,2026-07-05,5,449.95
1639,S003,P004,2026-07-05,7,139.93
1640,S003,P005,2026-07-05,3,89.97
1641,S003,P006,2026-07-05,7,839.93
1642,S003,P007,2026-07-05,5,499.95
1643,S003,P008,2026-07-05,2,159.98
1644,S003,P009,2026-07-05,7,349.93
1645,S003,P010,2026-07-05,7,174.93
1646,S003,P011,2026-07-05,8,359.92
1647,S003,P012,2026-07-05,5,174.95
1648,S003,P013,2026-07-05,6,179.94
1649,S003,P014,2026-07-05,7,139.93
1650,S003,P015,2026-07-05,7,384.93
1651,S003,P016,2026-07-05,5,349.95
1652,S003,P017,2026-07-05,6,209.94
1653,S003,P018,2026-07-05,7,104.93
1654,S003,P019,2026-07-05,7,195.93
1655,S003,P020,2026-07-05,6,449.94
1656,S001,P001,2026-07-06,2,119.98
1657,S001,P002,2026-07-06,8,319.92
1658,S001,P003,2026-07-06,7,629.93
1659,S001,P004,2026-07-06,2,39.98
1660,S001,P005,2026-07-06,8,239.92
1661,S001,P006,2026-07-06,10,1199.9
1662,S001,P007,2026-07-06,8,799.92
1663,S001,P008,2026-07-06,2,159.98
1664,S001,P009,2026-07-06,8,399.92
1665,S001,P010,2026-07-06,3,74.97
1666,S001,P011,2026-07-06,5,224.95
1667,S001,P012,2026-07-06,5,174.95
1668,S001,P013,2026-07-06,3,89.97
1669,S001,P014,2026-07-06,5,99.95
1670,S001,P015,2026-07-06,4,219.96
1671,S001,P016,2026-07-06,8,559.92
1672,S001,P017,2026-07-06,5,174.95
1673,S001,P018,2026-07-06,5,74.95
1674,S001,P019,2026-07-06,5,139.95
1675,S001,P020,2026-07-06,7,524.93
1676,S002,P001,2026-07-06,2,119.98
1677,S002,P002,2026-07-06,4,159.96
1678,S002,P003,2026-07-06,5,449.95
1679,S002,P004,2026-07-06,4,79.96
1680,S002,P005,2026-07-06,7,209.93
1681,S002,P006,2026-07-06,7,839.93
1682,S002,P007,2026-07-06,3,299.97
1683,S002,P008,2026-07-06,1,79.99
1684,S002,P009,2026-07-06,2,99.98
1685,S002,P010,2026-07-06,2,49.98
1686,S002,P011,2026-07-06,8,359.92
1687,S002,P012,2026-07-06,2,69.98
1688,S002,P013,2026-07-06,2,59.98
1689,S002,P014,2026-07-06,5,99.95
1690,S002,P015,2026-07-06,2,109.98
1691,S002,P016,2026-07-06,7,489.93
1692,S002,P017,2026-07-06,7,244.93
1693,S002,P018,2026-07-06,4,59.96
1694,S002,P019,2026-07-06,8,223.92
1695,S002,P020,2026-07-06,3,224.97
1696,S003,P001,2026-07-06,6,359.94
1697,S003,P002,2026-07-06,2,79.98
1698,S003,P003,2026-07-06,6,539.94
1699,S003,P004,2026-07-06,6,119.94
1700,S003,P005,2026-07-06,6,179.94
1701,S003,P006,2026-07-06,10,1199.9
1702,S003,P007,2026-07-06,2,199.98
1703,S003,P008,2026-07-06,1,79.99
1704,S003,P009,2026-07-06,8,399.92
1705,S003,P010,2026-07-06,7,174.93
1706,S003,P011,2026-07-06,8,359.92
1707,S003,P012,2026-07-06,5,174.95
1708,S003,P013,2026-07-06,8,239.92
1709,S003,P014,2026-07-06,7,139.93
1710,S003,P015,2026-07-06,2,109.98
1711,S003,P016,2026-07-06,4,279.96
1712,S003,P017,2026-07-06,6,209.94
1713,S003,P018,2026-07-06,4,59.96
1714,S003,P019,2026-07-06,4,111.96
1715,S003,P020,2026-07-06,2,149.98
1716,S001,P001,2026-07-07,6,359.94
1717,S001,P002,2026-07-07,6,239.94
1718,S001,P003,2026-07-07,3,269.97
1719,S001,P004,2026-07-07,3,59.97
1720,S001,P005,2026-07-07,7,209.93
1721,S001,P006,2026-07-07,6,719.94
1722,S001,P007,2026-07-07,8,799.92
1723,S001,P008,2026-07-07,1,79.99
1724,S001,P009,2026-07-07,8,399.92
1725,S001,P010,2026-07-07,6,149.94
1726,S001,P011,2026-07-07,4,179.96
1727,S001,P012,2026-07-07,2,69.98
1728,S001,P013,2026-07-07,8,239.92
1729,S001,P014,2026-07-07,4,79.96
1730,S001,P015,2026-07-07,6,329.94
1731,S001,P016,2026-07-07,3,209.97
1732,S001,P017,2026-07-07,8,279.92
1733,S001,P018,2026-07-07,5,74.95
1734,S001,P019,2026-07-07,8,223.92
1735,S001,P020,2026-07-07,6,449.94
1736,S002,P001,2026-07-07,8,479.92
1737,S002,P002,2026-07-07,8,319.92
1738,S002,P003,2026-07-07,6,539.94
1739,S002,P004,2026-07-07,6,119.94
1740,S002,P005,2026-07-07,7,209.93
1741,S002,P006,2026-07-07,9,1079.91
1742,S002,P007,2026-07-07,2,199.98
1743,S002,P008,2026-07-07,2,159.98
1744,S002,P009,2026-07-07,8,399.92
1745,S002,P010,2026-07-07,7,174.93
1746,S002,P011,2026-07-07,4,179.96
1747,S002,P012,2026-07-07,2,69.98
1748,S002,P013,2026-07-07,3,89.97
1749,S002,P014,2026-07-07,4,79.96
1750,S002,P015,2026-07-07,7,384.93
1751,S002,P016,2026-07-07,8,559.92
1752,S002,P017,2026-07-07,4,139.96
1753,S002,P018,2026-07-07,4,59.96
1754,S002,P019,2026-07-07,4,111.96
1755,S002,P020,2026-07-07,2,149.98
1756,S003,P001,2026-07-07,3,179.97
1757,S003,P002,2026-07-07,8,319.92
1758,S003,P003,2026-07-07,3,269.97
1759,S003,P004,2026-07-07,6,119.94
1760,S003,P005,2026-07-07,7,209.93
1761,S003,P006,2026-07-07,5,599.95
1762,S003,P007,2026-07-07,3,299.97
1763,S003,P008,2026-07-07,2,159.98
1764,S003,P009,2026-07-07,2,99.98
1765,S003,P010,2026-07-07,2,49.98
1766,S003,P011,2026-07-07,7,314.93
1767,S003,P012,2026-07-07,6,209.94
1768,S003,P013,2026-07-07,3,89.97
1769,S003,P014,2026-07-07,5,99.95
1770,S003,P015,2026-07-07,5,274.95
1771,S003,P016,2026-07-07,5,349.95
1772,S003,P017,2026-07-07,4,139.96
1773,S003,P018,2026-07-07,3,44.97
1774,S003,P019,2026-07-07,4,111.96
1775,S003,P020,2026-07-07,4,299.96
1776,S001,P001,2026-07-08,7,419.93
1777,S001,P002,2026-07-08,4,159.96
1778,S001,P003,2026-07-08,8,719.92
1779,S001,P004,2026-07-08,6,119.94
1780,S001,P005,2026-07-08,6,179.94
1781,S001,P006,2026-07-08,5,599.95
1782,S001,P007,2026-07-08,3,299.97
1783,S001,P008,2026-07-08,2,159.98
1784,S001,P009,2026-07-08,2,99.98
1785,S001,P010,2026-07-08,7,174.93
1786,S001,P011,2026-07-08,2,89.98
1787,S001,P012,2026-07-08,4,139.96
1788,S001,P013,2026-07-08,5,149.95
1789,S001,P014,2026-07-08,7,139.93
1790,S001,P015,2026-07-08,5,274.95
1791,S001,P016,2026-07-08,5,349.95
1792,S001,P017,2026-07-08,6,209.94
1793,S001,P018,2026-07-08,5,74.95
1794,S001,P019,2026-07-08,5,139.95
1795,S001,P020,2026-07-08,4,299.96
1796,S002,P001,2026-07-08,3,179.97
1797,S002,P002,2026-07-08,8,319.92
1798,S002,P003,2026-07-08,6,539.94
1799,S002,P004,2026-07-08,2,39.98
1800,S002,P005,2026-07-08,4,119.96
1801,S002,P006,2026-07-08,5,599.95
1802,S002,P007,2026-07-08,4,399.96
1803,S002,P008,2026-07-08,2,159.98
1804,S002,P009,2026-07-08,6,299.94
1805,S002,P010,2026-07-08,5,124.95
1806,S002,P011,2026-07-08,6,269.94
1807,S002,P012,2026-07-08,7,244.93
1808,S002,P013,2026-07-08,4,119.96
1809,S002,P014,2026-07-08,2,39.98
1810,S002,P015,2026-07-08,3,164.97
1811,S002,P016,2026-07-08,5,349.95
1812,S002,P017,2026-07-08,6,209.94
1813,S002,P018,2026-07-08,2,29.98
1814,S002,P019,2026-07-08,2,55.98
1815,S002,P020,2026-07-08,3,224.97
1816,S003,P001,2026-07-08,4,239.96
1817,S003,P002,2026-07-08,3,119.97
1818,S003,P003,2026-07-08,8,719.92
1819,S003,P004,2026-07-08,3,59.97
1820,S003,P005,2026-07-08,8,239.92
1821,S003,P006,2026-07-08,7,839.93
1822,S003,P007,2026-07-08,4,399.96
1823,S003,P009,2026-07-08,5,249.95
1824,S003,P010,2026-07-08,7,174.93
1825,S003,P011,2026-07-08,5,224.95
1826,S003,P012,2026-07-08,3,104.97
1827,S003,P013,2026-07-08,3,89.97
1828,S003,P014,2026-07-08,5,99.95
1829,S003,P015,2026-07-08,6,329.94
1830,S003,P016,2026-07-08,7,489.93
1831,S003,P017,2026-07-08,3,104.97
1832,S003,P018,2026-07-08,6,89.94
1833,S003,P019,2026-07-08,6,167.94
1834,S003,P020,2026-07-08,8,599.92
1835,S001,P001,2026-07-09,7,419.93
1836,S001,P002,2026-07-09,8,319.92
1837,S001,P003,2026-07-09,4,359.96
1838,S001,P004,2026-07-09,2,39.98
1839,S001,P005,2026-07-09,5,149.95
1840,S001,P006,2026-07-09,10,1199.9
1841,S001,P007,2026-07-09,2,199.98
1842,S001,P009,2026-07-09,5,249.95
1843,S001,P010,2026-07-09,2,49.98
1844,S001,P011,2026-07-09,8,359.92
1845,S001,P012,2026-07-09,4,139.96
1846,S001,P013,2026-07-09,6,179.94
1847,S001,P014,2026-07-09,5,99.95
1848,S001,P015,2026-07-09,6,329.94
1849,S001,P016,2026-07-09,5,349.95
1850,S001,P017,2026-07-09,7,244.93
1851,S001,P018,2026-07-09,7,104.93
1852,S001,P019,2026-07-09,5,139.95
1853,S001,P020,2026-07-09,4,299.96
1854,S002,P001,2026-07-09,2,119.98
1855,S002,P002,2026-07-09,5,199.95
1856,S002,P003,2026-07-09,2,179.98
1857,S002,P004,2026-07-09,4,79.96
1858,S002,P005,2026-07-09,3,89.97
1859,S002,P006,2026-07-09,9,1079.91
1860,S002,P007,2026-07-09,5,499.95
1861,S002,P008,2026-07-09,2,159.98
1862,S002,P009,2026-07-09,4,199.96
1863,S002,P010,2026-07-09,2,49.98
1864,S002,P011,2026-07-09,5,224.95
1865,S002,P012,2026-07-09,8,279.92
1866,S002,P013,2026-07-09,2,59.98
1867,S002,P014,2026-07-09,3,59.97
1868,S002,P015,2026-07-09,5,274.95
1869,S002,P016,2026-07-09,6,419.94
1870,S002,P017,2026-07-09,5,174.95
1871,S002,P018,2026-07-09,6,89.94
1872,S002,P019,2026-07-09,2,55.98
1873,S002,P020,2026-07-09,5,374.95
1874,S003,P001,2026-07-09,8,479.92
1875,S003,P002,2026-07-09,4,159.96
1876,S003,P003,2026-07-09,7,629.93
1877,S003,P004,2026-07-09,4,79.96
1878,S003,P005,2026-07-09,3,89.97
1879,S003,P006,2026-07-09,6,719.94
1880,S003,P007,2026-07-09,2,199.98
1881,S003,P008,2026-07-09,2,159.98
1882,S003,P009,2026-07-09,2,99.98
1883,S003,P010,2026-07-09,6,149.94
1884,S003,P011,2026-07-09,6,269.94
1885,S003,P012,2026-07-09,3,104.97
1886,S003,P013,2026-07-09,8,239.92
1887,S003,P014,2026-07-09,4,79.96
1888,S003,P015,2026-07-09,4,219.96
1889,S003,P016,2026-07-09,7,489.93
1890,S003,P017,2026-07-09,8,279.92
1891,S003,P018,2026-07-09,7,104.93
1892,S003,P019,2026-07-09,8,223.92
1893,S003,P020,2026-07-09,3,224.97
1894,S001,P001,2026-07-10,3,179.97
1895,S001,P002,2026-07-10,2,79.98
1896,S001,P003,2026-07-10,3,269.97
1897,S001,P004,2026-07-10,4,79.96
1898,S001,P005,2026-07-10,3,89.97
1899,S001,P006,2026-07-10,9,1079.91
1900,S001,P007,2026-07-10,3,299.97
1901,S001,P008,2026-07-10,2,159.98
1902,S001,P009,2026-07-10,2,99.98
1903,S001,P010,2026-07-10,3,74.97
1904,S001,P011,2026-07-10,8,359.92
1905,S001,P012,2026-07-10,7,244.93
1906,S001,P013,2026-07-10,5,149.95
1907,S001,P014,2026-07-10,5,99.95
1908,S001,P015,2026-07-10,8,439.92
1909,S001,P016,2026-07-10,6,419.94
1910,S001,P017,2026-07-10,8,279.92
1911,S001,P018,2026-07-10,6,89.94
1912,S001,P019,2026-07-10,5,139.95
1913,S001,P020,2026-07-10,7,524.93
1914,S002,P001,2026-07-10,6,359.94
1915,S002,P002,2026-07-10,7,279.93
1916,S002,P003,2026-07-10,7,629.93
1917,S002,P004,2026-07-10,6,119.94
1918,S002,P005,2026-07-10,4,119.96
1919,S002,P006,2026-07-10,10,1199.9
1920,S002,P007,2026-07-10,4,399.96
1921,S002,P008,2026-07-10,1,79.99
1922,S002,P009,2026-07-10,2,99.98
1923,S002,P010,2026-07-10,5,124.95
1924,S002,P011,2026-07-10,5,224.95
1925,S002,P012,2026-07-10,7,244.93
1926,S002,P013,2026-07-10,4,119.96
1927,S002,P014,2026-07-10,8,159.92
1928,S002,P015,2026-07-10,4,219.96
1929,S002,P016,2026-07-10,6,419.94
1930,S002,P017,2026-07-10,2,69.98
1931,S002,P018,2026-07-10,4,59.96
1932,S002,P019,2026-07-10,6,167.94
1933,S002,P020,2026-07-10,2,149.98
1934,S003,P001,2026-07-10,4,239.96
1935,S003,P002,2026-07-10,5,199.95
1936,S003,P003,2026-07-10,5,449.95
1937,S003,P004,2026-07-10,2,39.98
1938,S003,P005,2026-07-10,2,59.98
1939,S003,P006,2026-07-10,7,839.93
1940,S003,P007,2026-07-10,2,199.98
1941,S003,P009,2026-07-10,6,299.94
1942,S003,P010,2026-07-10,6,149.94
1943,S003,P011,2026-07-10,6,269.94
1944,S003,P012,2026-07-10,5,174.95
1945,S003,P013,2026-07-10,5,149.95
1946,S003,P014,2026-07-10,6,119.94
1947,S003,P015,2026-07-10,6,329.94
1948,S003,P016,2026-07-10,8,559.92
1949,S003,P017,2026-07-10,7,244.93
1950,S003,P018,2026-07-10,2,29.98
1951,S003,P019,2026-07-10,5,139.95
1952,S003,P020,2026-07-10,8,599.92
1953,S001,P001,2026-07-11,7,419.93
1954,S001,P002,2026-07-11,8,319.92
1955,S001,P003,2026-07-11,3,269.97
1956,S001,P004,2026-07-11,5,99.95
1957,S001,P005,2026-07-11,7,209.93
1958,S001,P006,2026-07-11,11,1319.89
1959,S001,P007,2026-07-11,3,299.97
1960,S001,P008,2026-07-11,1,79.99
1961,S001,P009,2026-07-11,2,99.98
1962,S001,P010,2026-07-11,10,249.9
1963,S001,P011,2026-07-11,10,449.9
1964,S001,P012,2026-07-11,5,174.95
1965,S001,P013,2026-07-11,8,239.92
1966,S001,P014,2026-07-11,2,39.98
1967,S001,P015,2026-07-11,7,384.93
1968,S001,P016,2026-07-11,8,559.92
1969,S001,P017,2026-07-11,3,104.97
1970,S001,P018,2026-07-11,2,29.98
1971,S001,P019,2026-07-11,3,83.97
1972,S001,P020,2026-07-11,8,599.92
1973,S002,P001,2026-07-11,6,359.94
1974,S002,P002,2026-07-11,6,239.94
1975,S002,P003,2026-07-11,7,629.93
1976,S002,P004,2026-07-11,7,139.93
1977,S002,P005,2026-07-11,7,209.93
1978,S002,P006,2026-07-11,8,959.92
1979,S002,P007,2026-07-11,5,499.95
1980,S002,P008,2026-07-11,1,79.99
1981,S002,P009,2026-07-11,6,299.94
1982,S002,P010,2026-07-11,10,249.9
1983,S002,P011,2026-07-11,5,224.95
1984,S002,P012,2026-07-11,8,279.92
1985,S002,P013,2026-07-11,7,209.93
1986,S002,P014,2026-07-11,2,39.98
1987,S002,P015,2026-07-11,10,549.9
1988,S002,P016,2026-07-11,8,559.92
1989,S002,P017,2026-07-11,8,279.92
1990,S002,P018,2026-07-11,5,74.95
1991,S002,P019,2026-07-11,2,55.98
1992,S002,P020,2026-07-11,5,374.95
1993,S003,P001,2026-07-11,2,119.98
1994,S003,P002,2026-07-11,7,279.93
1995,S003,P003,2026-07-11,8,719.92
1996,S003,P004,2026-07-11,6,119.94
1997,S003,P005,2026-07-11,5,149.95
1998,S003,P006,2026-07-11,12,1439.88
1999,S003,P007,2026-07-11,10,999.9
2000,S003,P008,2026-07-11,2,159.98
2001,S003,P009,2026-07-11,10,499.9
2002,S003,P010,2026-07-11,3,74.97
2003,S003,P011,2026-07-11,5,224.95
2004,S003,P012,2026-07-11,2,69.98
2005,S003,P013,2026-07-11,7,209.93
2006,S003,P014,2026-07-11,8,159.92
2007,S003,P015,2026-07-11,3,164.97
2008,S003,P016,2026-07-11,5,349.95
2009,S003,P017,2026-07-11,5,174.95
2010,S003,P018,2026-07-11,8,119.92
2011,S003,P019,2026-07-11,8,223.92
2012,S003,P020,2026-07-11,8,599.92
2013,S001,P001,2026-07-12,6,359.94
2014,S001,P002,2026-07-12,3,119.97
2015,S001,P003,2026-07-12,7,629.93
2016,S001,P004,2026-07-12,8,159.92
2017,S001,P005,2026-07-12,2,59.98
2018,S001,P006,2026-07-12,11,1319.89
2019,S001,P007,2026-07-12,6,599.94
2020,S001,P008,2026-07-12,1,79.99
2021,S001,P009,2026-07-12,10,499.9
2022,S001,P010,2026-07-12,3,74.97
2023,S001,P011,2026-07-12,8,359.92
2024,S001,P012,2026-07-12,8,279.92
2025,S001,P013,2026-07-12,10,299.9
2026,S001,P014,2026-07-12,8,159.92
2027,S001,P015,2026-07-12,8,439.92
2028,S001,P016,2026-07-12,7,489.93
2029,S001,P017,2026-07-12,2,69.98
2030,S001,P018,2026-07-12,8,119.92
2031,S001,P019,2026-07-12,8,223.92
2032,S001,P020,2026-07-12,6,449.94
2033,S002,P001,2026-07-12,7,419.93
2034,S002,P002,2026-07-12,5,199.95
2035,S002,P003,2026-07-12,2,179.98
2036,S002,P004,2026-07-12,5,99.95
2037,S002,P005,2026-07-12,5,149.95
2038,S002,P006,2026-07-12,7,839.93
2039,S002,P007,2026-07-12,5,499.95
2040,S002,P008,2026-07-12,1,79.99
2041,S002,P009,2026-07-12,3,149.97
2042,S002,P010,2026-07-12,3,74.97
2043,S002,P011,2026-07-12,3,134.97
2044,S002,P012,2026-07-12,3,104.97
2045,S002,P013,2026-07-12,2,59.98
2046,S002,P014,2026-07-12,5,99.95
2047,S002,P015,2026-07-12,10,549.9
2048,S002,P016,2026-07-12,10,699.9
2049,S002,P017,2026-07-12,2,69.98
2050,S002,P018,2026-07-12,7,104.93
2051,S002,P019,2026-07-12,10,279.9
2052,S002,P020,2026-07-12,7,524.93
2053,S003,P001,2026-07-12,10,599.9
2054,S003,P002,2026-07-12,8,319.92
2055,S003,P003,2026-07-12,7,629.93
2056,S003,P004,2026-07-12,2,39.98
2057,S003,P005,2026-07-12,8,239.92
2058,S003,P006,2026-07-12,11,1319.89
2059,S003,P007,2026-07-12,3,299.97
2060,S003,P008,2026-07-12,1,79.99
2061,S003,P009,2026-07-12,3,149.97
2062,S003,P010,2026-07-12,3,74.97
2063,S003,P011,2026-07-12,3,134.97
2064,S003,P012,2026-07-12,10,349.9
2065,S003,P013,2026-07-12,8,239.92
2066,S003,P014,2026-07-12,10,199.9
2067,S003,P015,2026-07-12,7,384.93
2068,S003,P016,2026-07-12,10,699.9
2069,S003,P017,2026-07-12,3,104.97
2070,S003,P018,2026-07-12,8,119.92
2071,S003,P019,2026-07-12,6,167.94
2072,S003,P020,2026-07-12,2,149.98
2073,S001,P001,2026-07-13,5,299.95
2074,S001,P002,2026-07-13,4,159.96
2075,S001,P003,2026-07-13,7,629.93
2076,S001,P004,2026-07-13,7,139.93
2077,S001,P005,2026-07-13,3,89.97
2078,S001,P006,2026-07-13,9,1079.91
2079,S001,P007,2026-07-13,4,399.96
2080,S001,P008,2026-07-13,2,159.98
2081,S001,P009,2026-07-13,8,399.92
2082,S001,P010,2026-07-13,5,124.95
2083,S001,P011,2026-07-13,3,134.97
2084,S001,P012,2026-07-13,6,209.94
2085,S001,P013,2026-07-13,3,89.97
2086,S001,P014,2026-07-13,4,79.96
2087,S001,P015,2026-07-13,8,439.92
2088,S001,P016,2026-07-13,8,559.92
2089,S001,P017,2026-07-13,5,174.95
2090,S001,P018,2026-07-13,8,119.92
2091,S001,P019,2026-07-13,3,83.97
2092,S001,P020,2026-07-13,4,299.96
2093,S002,P001,2026-07-13,7,419.93
2094,S002,P002,2026-07-13,6,239.94
2095,S002,P003,2026-07-13,5,449.95
2096,S002,P004,2026-07-13,5,99.95
2097,S002,P005,2026-07-13,8,239.92
2098,S002,P006,2026-07-13,8,959.92
2099,S002,P007,2026-07-13,6,599.94
2100,S002,P008,2026-07-13,1,79.99
2101,S002,P009,2026-07-13,3,149.97
2102,S002,P010,2026-07-13,8,199.92
2103,S002,P011,2026-07-13,3,134.97
2104,S002,P012,2026-07-13,8,279.92
2105,S002,P013,2026-07-13,6,179.94
2106,S002,P014,2026-07-13,3,59.97
2107,S002,P015,2026-07-13,8,439.92
2108,S002,P016,2026-07-13,4,279.96
2109,S002,P017,2026-07-13,2,69.98
2110,S002,P018,2026-07-13,7,104.93
2111,S002,P019,2026-07-13,5,139.95
2112,S002,P020,2026-07-13,8,599.92
2113,S003,P001,2026-07-13,4,239.96
2114,S003,P002,2026-07-13,6,239.94
2115,S003,P003,2026-07-13,2,179.98
2116,S003,P004,2026-07-13,7,139.93
2117,S003,P005,2026-07-13,8,239.92
2118,S003,P006,2026-07-13,5,599.95
2119,S003,P007,2026-07-13,4,399.96
2120,S003,P009,2026-07-13,4,199.96
2121,S003,P010,2026-07-13,5,124.95
2122,S003,P011,2026-07-13,6,269.94
2123,S003,P012,2026-07-13,3,104.97
2124,S003,P013,2026-07-13,8,239.92
2125,S003,P014,2026-07-13,5,99.95
2126,S003,P015,2026-07-13,2,109.98
2127,S003,P016,2026-07-13,3,209.97
2128,S003,P017,2026-07-13,8,279.92
2129,S003,P018,2026-07-13,5,74.95
2130,S003,P019,2026-07-13,4,111.96
2131,S003,P020,2026-07-13,2,149.98
2132,S001,P001,2026-07-14,5,299.95
2133,S001,P002,2026-07-14,2,79.98
2134,S001,P003,2026-07-14,5,449.95
2135,S001,P004,2026-07-14,6,119.94
2136,S001,P005,2026-07-14,4,119.96
2137,S001,P006,2026-07-14,8,959.92
2138,S001,P007,2026-07-14,2,199.98
2139,S001,P009,2026-07-14,2,99.98
2140,S001,P010,2026-07-14,4,99.96
2141,S001,P011,2026-07-14,2,89.98
2142,S001,P012,2026-07-14,8,279.92
2143,S001,P013,2026-07-14,7,209.93
2144,S001,P014,2026-07-14,7,139.93
2145,S001,P015,2026-07-14,4,219.96
2146,S001,P016,2026-07-14,8,559.92
2147,S001,P017,2026-07-14,3,104.97
2148,S001,P018,2026-07-14,3,44.97
2149,S001,P019,2026-07-14,2,55.98
2150,S001,P020,2026-07-14,4,299.96
2151,S002,P001,2026-07-14,8,479.92
2152,S002,P002,2026-07-14,5,199.95
2153,S002,P003,2026-07-14,7,629.93
2154,S002,P004,2026-07-14,8,159.92
2155,S002,P005,2026-07-14,3,89.97
2156,S002,P006,2026-07-14,10,1199.9
2157,S002,P007,2026-07-14,5,499.95
2158,S002,P008,2026-07-14,2,159.98
2159,S002,P009,2026-07-14,2,99.98
2160,S002,P010,2026-07-14,2,49.98
2161,S002,P011,2026-07-14,2,89.98
2162,S002,P012,2026-07-14,4,139.96
2163,S002,P013,2026-07-14,3,89.97
2164,S002,P014,2026-07-14,8,159.92
2165,S002,P015,2026-07-14,3,164.97
2166,S002,P016,2026-07-14,6,419.94
2167,S002,P017,2026-07-14,7,244.93
2168,S002,P018,2026-07-14,6,89.94
2169,S002,P019,2026-07-14,6,167.94
2170,S002,P020,2026-07-14,5,374.95
2171,S003,P001,2026-07-14,2,119.98
2172,S003,P002,2026-07-14,8,319.92
2173,S003,P003,2026-07-14,4,359.96
2174,S003,P004,2026-07-14,3,59.97
2175,S003,P005,2026-07-14,4,119.96
2176,S003,P006,2026-07-14,5,599.95
2177,S003,P007,2026-07-14,3,299.97
2178,S003,P008,2026-07-14,2,159.98
2179,S003,P009,2026-07-14,8,399.92
2180,S003,P010,2026-07-14,6,149.94
2181,S003,P011,2026-07-14,5,224.95
2182,S003,P012,2026-07-14,2,69.98
2183,S003,P013,2026-07-14,2,59.98
2184,S003,P014,2026-07-14,8,159.92
2185,S003,P015,2026-07-14,5,274.95
2186,S003,P016,2026-07-14,6,419.94
2187,S003,P017,2026-07-14,6,209.94
2188,S003,P018,2026-07-14,2,29.98
2189,S003,P019,2026-07-14,7,195.93
2190,S003,P020,2026-07-14,6,449.94
2191,S001,P001,2026-07-15,6,359.94
2192,S001,P002,2026-07-15,3,119.97
2193,S001,P003,2026-07-15,7,629.93
2194,S001,P004,2026-07-15,3,59.97
2195,S001,P005,2026-07-15,4,119.96
2196,S001,P006,2026-07-15,5,599.95
2197,S001,P007,2026-07-15,6,599.94
2198,S001,P009,2026-07-15,6,299.94
2199,S001,P010,2026-07-15,5,124.95
2200,S001,P011,2026-07-15,3,134.97
2201,S001,P012,2026-07-15,7,244.93
2202,S001,P013,2026-07-15,7,209.93
2203,S001,P014,2026-07-15,2,39.98
2204,S001,P015,2026-07-15,6,329.94
2205,S001,P016,2026-07-15,4,279.96
2206,S001,P017,2026-07-15,2,69.98
2207,S001,P018,2026-07-15,6,89.94
2208,S001,P019,2026-07-15,6,167.94
2209,S001,P020,2026-07-15,6,449.94
2210,S002,P001,2026-07-15,8,479.92
2211,S002,P002,2026-07-15,6,239.94
2212,S002,P003,2026-07-15,6,539.94
2213,S002,P004,2026-07-15,2,39.98
2214,S002,P005,2026-07-15,5,149.95
2215,S002,P006,2026-07-15,8,959.92
2216,S002,P007,2026-07-15,2,199.98
2217,S002,P008,2026-07-15,1,79.99
2218,S002,P009,2026-07-15,4,199.96
2219,S002,P010,2026-07-15,4,99.96
2220,S002,P011,2026-07-15,7,314.93
2221,S002,P012,2026-07-15,2,69.98
2222,S002,P013,2026-07-15,4,119.96
2223,S002,P014,2026-07-15,8,159.92
2224,S002,P015,2026-07-15,2,109.98
2225,S002,P016,2026-07-15,4,279.96
2226,S002,P017,2026-07-15,3,104.97
2227,S002,P018,2026-07-15,7,104.93
2228,S002,P019,2026-07-15,7,195.93
2229,S002,P020,2026-07-15,7,524.93
2230,S003,P001,2026-07-15,2,119.98
2231,S003,P002,2026-07-15,8,319.92
2232,S003,P003,2026-07-15,6,539.94
2233,S003,P004,2026-07-15,7,139.93
2234,S003,P005,2026-07-15,8,239.92
2235,S003,P006,2026-07-15,6,719.94
2236,S003,P007,2026-07-15,2,199.98
2237,S003,P008,2026-07-15,2,159.98
2238,S003,P009,2026-07-15,4,199.96
2239,S003,P010,2026-07-15,8,199.92
2240,S003,P011,2026-07-15,7,314.93
2241,S003,P012,2026-07-15,3,104.97
2242,S003,P013,2026-07-15,8,239.92
2243,S003,P014,2026-07-15,8,159.92
2244,S003,P015,2026-07-15,7,384.93
2245,S003,P016,2026-07-15,5,349.95
2246,S003,P017,2026-07-15,7,244.93
2247,S003,P018,2026-07-15,5,74.95
2248,S003,P019,2026-07-15,7,195.93
2249,S003,P020,2026-07-15,3,224.97
2250,S001,P001,2026-07-16,8,479.92
2251,S001,P002,2026-07-16,3,119.97
2252,S001,P003,2026-07-16,2,179.98
2253,S001,P004,2026-07-16,7,139.93
2254,S001,P005,2026-07-16,8,239.92
2255,S001,P006,2026-07-16,5,599.95
2256,S001,P007,2026-07-16,4,399.96
2257,S001,P009,2026-07-16,8,399.92
2258,S001,P010,2026-07-16,3,74.97
2259,S001,P011,2026-07-16,2,89.98
2260,S001,P012,2026-07-16,4,139.96
2261,S001,P013,2026-07-16,4,119.96
2262,S001,P014,2026-07-16,6,119.94
2263,S001,P015,2026-07-16,5,274.95
2264,S001,P016,2026-07-16,8,559.92
2265,S001,P017,2026-07-16,6,209.94
2266,S001,P018,2026-07-16,5,74.95
2267,S001,P019,2026-07-16,4,111.96
2268,S001,P020,2026-07-16,2,149.98
2269,S002,P001,2026-07-16,8,479.92
2270,S002,P002,2026-07-16,7,279.93
2271,S002,P003,2026-07-16,3,269.97
2272,S002,P004,2026-07-16,4,79.96
2273,S002,P005,2026-07-16,4,119.96
2274,S002,P006,2026-07-16,5,599.95
2275,S002,P007,2026-07-16,8,799.92
2276,S002,P008,2026-07-16,1,79.99
2277,S002,P009,2026-07-16,4,199.96
2278,S002,P010,2026-07-16,2,49.98
2279,S002,P011,2026-07-16,8,359.92
2280,S002,P012,2026-07-16,4,139.96
2281,S002,P013,2026-07-16,5,149.95
2282,S002,P014,2026-07-16,5,99.95
2283,S002,P015,2026-07-16,7,384.93
2284,S002,P016,2026-07-16,5,349.95
2285,S002,P017,2026-07-16,5,174.95
2286,S002,P018,2026-07-16,4,59.96
2287,S002,P019,2026-07-16,3,83.97
2288,S002,P020,2026-07-16,5,374.95
2289,S003,P001,2026-07-16,7,419.93
2290,S003,P002,2026-07-16,5,199.95
2291,S003,P003,2026-07-16,4,359.96
2292,S003,P004,2026-07-16,8,159.92
2293,S003,P005,2026-07-16,6,179.94
2294,S003,P006,2026-07-16,5,599.95
2295,S003,P007,2026-07-16,7,699.93
2296,S003,P009,2026-07-16,5,249.95
2297,S003,P010,2026-07-16,6,149.94
2298,S003,P011,2026-07-16,8,359.92
2299,S003,P012,2026-07-16,3,104.97
2300,S003,P013,2026-07-16,6,179.94
2301,S003,P014,2026-07-16,4,79.96
2302,S003,P015,2026-07-16,4,219.96
2303,S003,P016,2026-07-16,2,139.98
2304,S003,P017,2026-07-16,2,69.98
2305,S003,P018,2026-07-16,4,59.96
2306,S003,P019,2026-07-16,7,195.93
2307,S003,P020,2026-07-16,4,299.96
2308,S001,P001,2026-07-17,4,239.96
2309,S001,P002,2026-07-17,5,199.95
2310,S001,P003,2026-07-17,6,539.94
2311,S001,P004,2026-07-17,7,139.93
2312,S001,P005,2026-07-17,5,149.95
2313,S001,P006,2026-07-17,10,1199.9
2314,S001,P007,2026-07-17,5,499.95
2315,S001,P008,2026-07-17,1,79.99
2316,S001,P009,2026-07-17,2,99.98
2317,S001,P010,2026-07-17,7,174.93
2318,S001,P011,2026-07-17,8,359.92
2319,S001,P012,2026-07-17,4,139.96
2320,S001,P013,2026-07-17,6,179.94
2321,S001,P014,2026-07-17,5,99.95
2322,S001,P015,2026-07-17,4,219.96
2323,S001,P016,2026-07-17,7,489.93
2324,S001,P017,2026-07-17,8,279.92
2325,S001,P018,2026-07-17,2,29.98
2326,S001,P019,2026-07-17,2,55.98
2327,S001,P020,2026-07-17,7,524.93
2328,S002,P001,2026-07-17,7,419.93
2329,S002,P002,2026-07-17,5,199.95
2330,S002,P003,2026-07-17,4,359.96
2331,S002,P004,2026-07-17,6,119.94
2332,S002,P005,2026-07-17,8,239.92
2333,S002,P006,2026-07-17,10,1199.9
2334,S002,P007,2026-07-17,3,299.97
2335,S002,P009,2026-07-17,8,399.92
2336,S002,P010,2026-07-17,6,149.94
2337,S002,P011,2026-07-17,7,314.93
2338,S002,P012,2026-07-17,8,279.92
2339,S002,P013,2026-07-17,5,149.95
2340,S002,P014,2026-07-17,2,39.98
2341,S002,P015,2026-07-17,3,164.97
2342,S002,P016,2026-07-17,2,139.98
2343,S002,P017,2026-07-17,3,104.97
2344,S002,P018,2026-07-17,8,119.92
2345,S002,P019,2026-07-17,7,195.93
2346,S002,P020,2026-07-17,4,299.96
2347,S003,P001,2026-07-17,4,239.96
2348,S003,P002,2026-07-17,5,199.95
2349,S003,P003,2026-07-17,6,539.94
2350,S003,P004,2026-07-17,2,39.98
2351,S003,P005,2026-07-17,6,179.94
2352,S003,P006,2026-07-17,10,1199.9
2353,S003,P007,2026-07-17,5,499.95
2354,S003,P008,2026-07-17,1,79.99
2355,S003,P009,2026-07-17,5,249.95
2356,S003,P010,2026-07-17,8,199.92
2357,S003,P011,2026-07-17,2,89.98
2358,S003,P012,2026-07-17,6,209.94
2359,S003,P013,2026-07-17,3,89.97
2360,S003,P014,2026-07-17,6,119.94
2361,S003,P015,2026-07-17,4,219.96
2362,S003,P016,2026-07-17,5,349.95
2363,S003,P017,2026-07-17,4,139.96
2364,S003,P018,2026-07-17,7,104.93
2365,S003,P019,2026-07-17,4,111.96
2366,S003,P020,2026-07-17,3,224.97
2367,S001,P001,2026-07-18,2,119.98
2368,S001,P002,2026-07-18,2,79.98
2369,S001,P003,2026-07-18,8,719.92
2370,S001,P004,2026-07-18,3,59.97
2371,S001,P005,2026-07-18,6,179.94
2372,S001,P006,2026-07-18,10,1199.9
2373,S001,P007,2026-07-18,7,699.93
2374,S001,P008,2026-07-18,1,79.99
2375,S001,P009,2026-07-18,10,499.9
2376,S001,P010,2026-07-18,5,124.95
2377,S001,P011,2026-07-18,8,359.92
2378,S001,P012,2026-07-18,6,209.94
2379,S001,P013,2026-07-18,3,89.97
2380,S001,P014,2026-07-18,7,139.93
2381,S001,P015,2026-07-18,5,274.95
2382,S001,P016,2026-07-18,8,559.92
2383,S001,P017,2026-07-18,6,209.94
2384,S001,P018,2026-07-18,3,44.97
2385,S001,P019,2026-07-18,2,55.98
2386,S001,P020,2026-07-18,3,224.97
2387,S002,P001,2026-07-18,10,599.9
2388,S002,P002,2026-07-18,2,79.98
2389,S002,P003,2026-07-18,6,539.94
2390,S002,P004,2026-07-18,3,59.97
2391,S002,P005,2026-07-18,8,239.92
2392,S002,P006,2026-07-18,6,719.94
2393,S002,P007,2026-07-18,10,999.9
2394,S002,P008,2026-07-18,1,79.99
2395,S002,P009,2026-07-18,8,399.92
2396,S002,P010,2026-07-18,5,124.95
2397,S002,P011,2026-07-18,8,359.92
2398,S002,P012,2026-07-18,2,69.98
2399,S002,P013,2026-07-18,7,209.93
2400,S002,P014,2026-07-18,7,139.93
2401,S002,P015,2026-07-18,5,274.95
2402,S002,P016,2026-07-18,5,349.95
2403,S002,P017,2026-07-18,10,349.9
2404,S002,P018,2026-07-18,3,44.97
2405,S002,P019,2026-07-18,8,223.92
2406,S002,P020,2026-07-18,8,599.92
2407,S003,P001,2026-07-18,8,479.92
2408,S003,P002,2026-07-18,8,319.92
2409,S003,P003,2026-07-18,3,269.97
2410,S003,P004,2026-07-18,10,199.9
2411,S003,P005,2026-07-18,5,149.95
2412,S003,P006,2026-07-18,7,839.93
2413,S003,P007,2026-07-18,2,199.98
2414,S003,P009,2026-07-18,3,149.97
2415,S003,P010,2026-07-18,10,249.9
2416,S003,P011,2026-07-18,6,269.94
2417,S003,P012,2026-07-18,2,69.98
2418,S003,P013,2026-07-18,5,149.95
2419,S003,P014,2026-07-18,7,139.93
2420,S003,P015,2026-07-18,7,384.93
2421,S003,P016,2026-07-18,5,349.95
2422,S003,P017,2026-07-18,6,209.94
2423,S003,P018,2026-07-18,10,149.9
2424,S003,P019,2026-07-18,7,195.93
2425,S003,P020,2026-07-18,3,224.97
2426,S001,P001,2026-07-19,7,419.93
2427,S001,P002,2026-07-19,2,79.98
2428,S001,P003,2026-07-19,2,179.98
2429,S001,P004,2026-07-19,5,99.95
2430,S001,P005,2026-07-19,6,179.94
2431,S001,P006,2026-07-19,12,1439.88
2432,S001,P007,2026-07-19,6,599.94
2433,S001,P008,2026-07-19,1,79.99
2434,S001,P009,2026-07-19,10,499.9
2435,S001,P010,2026-07-19,6,149.94
2436,S001,P011,2026-07-19,10,449.9
2437,S001,P012,2026-07-19,7,244.93
2438,S001,P013,2026-07-19,2,59.98
2439,S001,P014,2026-07-19,3,59.97
2440,S001,P015,2026-07-19,5,274.95
2441,S001,P016,2026-07-19,8,559.92
2442,S001,P017,2026-07-19,2,69.98
2443,S001,P018,2026-07-19,6,89.94
2444,S001,P019,2026-07-19,6,167.94
2445,S001,P020,2026-07-19,8,599.92
2446,S002,P001,2026-07-19,7,419.93
2447,S002,P002,2026-07-19,5,199.95
2448,S002,P003,2026-07-19,3,269.97
2449,S002,P004,2026-07-19,10,199.9
2450,S002,P005,2026-07-19,10,299.9
2451,S002,P006,2026-07-19,12,1439.88
2452,S002,P007,2026-07-19,7,699.93
2453,S002,P009,2026-07-19,6,299.94
2454,S002,P010,2026-07-19,7,174.93
2455,S002,P011,2026-07-19,10,449.9
2456,S002,P012,2026-07-19,2,69.98
2457,S002,P013,2026-07-19,10,299.9
2458,S002,P014,2026-07-19,2,39.98
2459,S002,P015,2026-07-19,7,384.93
2460,S002,P016,2026-07-19,3,209.97
2461,S002,P017,2026-07-19,5,174.95
2462,S002,P018,2026-07-19,3,44.97
2463,S002,P019,2026-07-19,3,83.97
2464,S002,P020,2026-07-19,5,374.95
2465,S003,P001,2026-07-19,8,479.92
2466,S003,P002,2026-07-19,3,119.97
2467,S003,P003,2026-07-19,5,449.95
2468,S003,P004,2026-07-19,7,139.93
2469,S003,P005,2026-07-19,5,149.95
2470,S003,P006,2026-07-19,6,719.94
2471,S003,P007,2026-07-19,5,499.95
2472,S003,P008,2026-07-19,2,159.98
2473,S003,P009,2026-07-19,7,349.93
2474,S003,P010,2026-07-19,5,124.95
2475,S003,P011,2026-07-19,3,134.97
2476,S003,P012,2026-07-19,8,279.92
2477,S003,P013,2026-07-19,5,149.95
2478,S003,P014,2026-07-19,7,139.93
2479,S003,P015,2026-07-19,7,384.93
2480,S003,P016,2026-07-19,2,139.98
2481,S003,P017,2026-07-19,7,244.93
2482,S003,P018,2026-07-19,8,119.92
2483,S003,P019,2026-07-19,3,83.97
2484,S003,P020,2026-07-19,7,524.93
2485,S001,P001,2026-07-20,6,359.94
2486,S001,P002,2026-07-20,3,119.97
2487,S001,P003,2026-07-20,3,269.97
2488,S001,P004,2026-07-20,7,139.93
2489,S001,P005,2026-07-20,6,179.94
2490,S001,P006,2026-07-20,9,1079.91
2491,S001,P007,2026-07-20,4,399.96
2492,S001,P008,2026-07-20,2,159.98
2493,S001,P009,2026-07-20,2,99.98
2494,S001,P010,2026-07-20,8,199.92
2495,S001,P011,2026-07-20,8,359.92
2496,S001,P012,2026-07-20,2,69.98
2497,S001,P013,2026-07-20,2,59.98
2498,S001,P014,2026-07-20,2,39.98
2499,S001,P015,2026-07-20,7,384.93
2500,S001,P016,2026-07-20,8,559.92
2501,S001,P017,2026-07-20,6,209.94
2502,S001,P018,2026-07-20,4,59.96
2503,S001,P019,2026-07-20,7,195.93
2504,S001,P020,2026-07-20,3,224.97
2505,S002,P001,2026-07-20,8,479.92
2506,S002,P002,2026-07-20,6,239.94
2507,S002,P003,2026-07-20,5,449.95
2508,S002,P004,2026-07-20,6,119.94
2509,S002,P005,2026-07-20,7,209.93
2510,S002,P006,2026-07-20,8,959.92
2511,S002,P007,2026-07-20,7,699.93
2512,S002,P008,2026-07-20,1,79.99
2513,S002,P009,2026-07-20,7,349.93
2514,S002,P010,2026-07-20,4,99.96
2515,S002,P011,2026-07-20,5,224.95
2516,S002,P012,2026-07-20,3,104.97
2517,S002,P013,2026-07-20,8,239.92
2518,S002,P014,2026-07-20,8,159.92
2519,S002,P015,2026-07-20,7,384.93
2520,S002,P016,2026-07-20,5,349.95
2521,S002,P017,2026-07-20,4,139.96
2522,S002,P018,2026-07-20,5,74.95
2523,S002,P019,2026-07-20,2,55.98
2524,S002,P020,2026-07-20,7,524.93
2525,S003,P001,2026-07-20,2,119.98
2526,S003,P002,2026-07-20,3,119.97
2527,S003,P003,2026-07-20,5,449.95
2528,S003,P004,2026-07-20,5,99.95
2529,S003,P005,2026-07-20,5,149.95
2530,S003,P006,2026-07-20,6,719.94
2531,S003,P007,2026-07-20,4,399.96
2532,S003,P009,2026-07-20,4,199.96
2533,S003,P010,2026-07-20,8,199.92
2534,S003,P011,2026-07-20,7,314.93
2535,S003,P012,2026-07-20,4,139.96
2536,S003,P013,2026-07-20,7,209.93
2537,S003,P014,2026-07-20,8,159.92
2538,S003,P015,2026-07-20,4,219.96
2539,S003,P016,2026-07-20,5,349.95
2540,S003,P017,2026-07-20,3,104.97
2541,S003,P018,2026-07-20,8,119.92
2542,S003,P019,2026-07-20,4,111.96
2543,S003,P020,2026-07-20,6,449.94
2544,S001,P001,2026-07-21,6,359.94
2545,S001,P002,2026-07-21,2,79.98
2546,S001,P003,2026-07-21,4,359.96
2547,S001,P004,2026-07-21,3,59.97
2548,S001,P005,2026-07-21,5,149.95
2549,S001,P006,2026-07-21,7,839.93
2550,S001,P007,2026-07-21,5,499.95
2551,S001,P009,2026-07-21,2,99.98
2552,S001,P010,2026-07-21,2,49.98
2553,S001,P011,2026-07-21,4,179.96
2554,S001,P012,2026-07-21,5,174.95
2555,S001,P013,2026-07-21,8,239.92
2556,S001,P014,2026-07-21,6,119.94
2557,S001,P015,2026-07-21,5,274.95
2558,S001,P016,2026-07-21,3,209.97
2559,S001,P017,2026-07-21,8,279.92
2560,S001,P018,2026-07-21,3,44.97
2561,S001,P019,2026-07-21,8,223.92
2562,S001,P020,2026-07-21,4,299.96
2563,S002,P001,2026-07-21,6,359.94
2564,S002,P002,2026-07-21,7,279.93
2565,S002,P003,2026-07-21,4,359.96
2566,S002,P004,2026-07-21,3,59.97
2567,S002,P005,2026-07-21,8,239.92
2568,S002,P006,2026-07-21,8,959.92
2569,S002,P007,2026-07-21,6,599.94
2570,S002,P008,2026-07-21,1,79.99
2571,S002,P009,2026-07-21,4,199.96
2572,S002,P010,2026-07-21,5,124.95
2573,S002,P011,2026-07-21,2,89.98
2574,S002,P012,2026-07-21,2,69.98
2575,S002,P013,2026-07-21,5,149.95
2576,S002,P014,2026-07-21,6,119.94
2577,S002,P015,2026-07-21,5,274.95
2578,S002,P016,2026-07-21,3,209.97
2579,S002,P017,2026-07-21,3,104.97
2580,S002,P018,2026-07-21,6,89.94
2581,S002,P019,2026-07-21,4,111.96
2582,S002,P020,2026-07-21,2,149.98
2583,S003,P001,2026-07-21,2,119.98
2584,S003,P002,2026-07-21,4,159.96
2585,S003,P003,2026-07-21,5,449.95
2586,S003,P004,2026-07-21,6,119.94
2587,S003,P005,2026-07-21,8,239.92
2588,S003,P006,2026-07-21,10,1199.9
2589,S003,P007,2026-07-21,5,499.95
2590,S003,P008,2026-07-21,2,159.98
2591,S003,P009,2026-07-21,2,99.98
2592,S003,P010,2026-07-21,8,199.92
2593,S003,P011,2026-07-21,2,89.98
2594,S003,P012,2026-07-21,5,174.95
2595,S003,P013,2026-07-21,3,89.97
2596,S003,P014,2026-07-21,4,79.96
2597,S003,P015,2026-07-21,7,384.93
2598,S003,P016,2026-07-21,4,279.96
2599,S003,P017,2026-07-21,8,279.92
2600,S003,P018,2026-07-21,5,74.95
2601,S003,P019,2026-07-21,4,111.96
2602,S003,P020,2026-07-21,2,149.98
2603,S001,P001,2026-07-22,5,299.95
2604,S001,P002,2026-07-22,2,79.98
2605,S001,P003,2026-07-22,6,539.94
2606,S001,P004,2026-07-22,6,119.94
2607,S001,P005,2026-07-22,3,89.97
2608,S001,P006,2026-07-22,9,1079.91
2609,S001,P007,2026-07-22,4,399.96
2610,S001,P008,2026-07-22,1,79.99
2611,S001,P009,2026-07-22,6,299.94
2612,S001,P010,2026-07-22,5,124.95
2613,S001,P011,2026-07-22,8,359.92
2614,S001,P012,2026-07-22,6,209.94
2615,S001,P013,2026-07-22,4,119.96
2616,S001,P014,2026-07-22,8,159.92
2617,S001,P015,2026-07-22,6,329.94
2618,S001,P016,2026-07-22,7,489.93
2619,S001,P017,2026-07-22,6,209.94
2620,S001,P018,2026-07-22,2,29.98
2621,S001,P019,2026-07-22,3,83.97
2622,S001,P020,2026-07-22,2,149.98
2623,S002,P001,2026-07-22,5,299.95
2624,S002,P002,2026-07-22,4,159.96
2625,S002,P003,2026-07-22,8,719.92
2626,S002,P004,2026-07-22,4,79.96
2627,S002,P005,2026-07-22,6,179.94
2628,S002,P006,2026-07-22,6,719.94
2629,S002,P007,2026-07-22,3,299.97
2630,S002,P008,2026-07-22,2,159.98
2631,S002,P009,2026-07-22,5,249.95
2632,S002,P010,2026-07-22,6,149.94
2633,S002,P011,2026-07-22,2,89.98
2634,S002,P012,2026-07-22,2,69.98
2635,S002,P013,2026-07-22,2,59.98
2636,S002,P014,2026-07-22,3,59.97
2637,S002,P015,2026-07-22,7,384.93
2638,S002,P016,2026-07-22,4,279.96
2639,S002,P017,2026-07-22,8,279.92
2640,S002,P018,2026-07-22,5,74.95
2641,S002,P019,2026-07-22,6,167.94
2642,S002,P020,2026-07-22,5,374.95
2643,S003,P001,2026-07-22,3,179.97
2644,S003,P002,2026-07-22,6,239.94
2645,S003,P003,2026-07-22,6,539.94
2646,S003,P004,2026-07-22,3,59.97
2647,S003,P005,2026-07-22,4,119.96
2648,S003,P006,2026-07-22,7,839.93
2649,S003,P007,2026-07-22,3,299.97
2650,S003,P008,2026-07-22,2,159.98
2651,S003,P009,2026-07-22,7,349.93
2652,S003,P010,2026-07-22,8,199.92
2653,S003,P011,2026-07-22,4,179.96
2654,S003,P012,2026-07-22,6,209.94
2655,S003,P013,2026-07-22,4,119.96
2656,S003,P014,2026-07-22,6,119.94
2657,S003,P015,2026-07-22,8,439.92
2658,S003,P016,2026-07-22,6,419.94
2659,S003,P017,2026-07-22,6,209.94
2660,S003,P018,2026-07-22,5,74.95
2661,S003,P019,2026-07-22,7,195.93
2662,S003,P020,2026-07-22,6,449.94
2663,S001,P001,2026-07-23,4,239.96
2664,S001,P002,2026-07-23,5,199.95
2665,S001,P003,2026-07-23,8,719.92
2666,S001,P004,2026-07-23,2,39.98
2667,S001,P005,2026-07-23,4,119.96
2668,S001,P006,2026-07-23,10,1199.9
2669,S001,P007,2026-07-23,2,199.98
2670,S001,P008,2026-07-23,2,159.98
2671,S001,P009,2026-07-23,4,199.96
2672,S001,P010,2026-07-23,8,199.92
2673,S001,P011,2026-07-23,7,314.93
2674,S001,P012,2026-07-23,8,279.92
2675,S001,P013,2026-07-23,7,209.93
2676,S001,P014,2026-07-23,7,139.93
2677,S001,P015,2026-07-23,2,109.98
2678,S001,P016,2026-07-23,6,419.94
2679,S001,P017,2026-07-23,5,174.95
2680,S001,P018,2026-07-23,4,59.96
2681,S001,P019,2026-07-23,7,195.93
2682,S001,P020,2026-07-23,8,599.92
2683,S002,P001,2026-07-23,8,479.92
2684,S002,P002,2026-07-23,6,239.94
2685,S002,P003,2026-07-23,6,539.94
2686,S002,P004,2026-07-23,3,59.97
2687,S002,P005,2026-07-23,7,209.93
2688,S002,P006,2026-07-23,9,1079.91
2689,S002,P007,2026-07-23,5,499.95
2690,S002,P008,2026-07-23,2,159.98
2691,S002,P009,2026-07-23,7,349.93
2692,S002,P010,2026-07-23,7,174.93
2693,S002,P011,2026-07-23,6,269.94
2694,S002,P012,2026-07-23,8,279.92
2695,S002,P013,2026-07-23,8,239.92
2696,S002,P014,2026-07-23,5,99.95
2697,S002,P015,2026-07-23,3,164.97
2698,S002,P016,2026-07-23,8,559.92
2699,S002,P017,2026-07-23,7,244.93
2700,S002,P018,2026-07-23,3,44.97
2701,S002,P019,2026-07-23,2,55.98
2702,S002,P020,2026-07-23,6,449.94
2703,S003,P001,2026-07-23,7,419.93
2704,S003,P002,2026-07-23,2,79.98
2705,S003,P003,2026-07-23,3,269.97
2706,S003,P004,2026-07-23,2,39.98
2707,S003,P005,2026-07-23,5,149.95
2708,S003,P006,2026-07-23,8,959.92
2709,S003,P007,2026-07-23,3,299.97
2710,S003,P008,2026-07-23,2,159.98
2711,S003,P009,2026-07-23,3,149.97
2712,S003,P010,2026-07-23,5,124.95
2713,S003,P011,2026-07-23,6,269.94
2714,S003,P012,2026-07-23,8,279.92
2715,S003,P013,2026-07-23,6,179.94
2716,S003,P014,2026-07-23,5,99.95
2717,S003,P015,2026-07-23,8,439.92
2718,S003,P016,2026-07-23,8,559.92
2719,S003,P017,2026-07-23,7,244.93
2720,S003,P018,2026-07-23,7,104.93
2721,S003,P019,2026-07-23,2,55.98
2722,S003,P020,2026-07-23,7,524.93
2723,S001,P001,2026-07-24,3,179.97
2724,S001,P002,2026-07-24,6,239.94
2725,S001,P003,2026-07-24,3,269.97
2726,S001,P004,2026-07-24,6,119.94
2727,S001,P005,2026-07-24,4,119.96
2728,S001,P006,2026-07-24,8,959.92
2729,S001,P007,2026-07-24,6,599.94
2730,S001,P008,2026-07-24,1,79.99
2731,S001,P009,2026-07-24,3,149.97
2732,S001,P010,2026-07-24,5,124.95
2733,S001,P011,2026-07-24,6,269.94
2734,S001,P012,2026-07-24,4,139.96
2735,S001,P013,2026-07-24,6,179.94
2736,S001,P014,2026-07-24,4,79.96
2737,S001,P015,2026-07-24,7,384.93
2738,S001,P016,2026-07-24,8,559.92
2739,S001,P017,2026-07-24,8,279.92
2740,S001,P018,2026-07-24,7,104.93
2741,S001,P019,2026-07-24,7,195.93
2742,S001,P020,2026-07-24,7,524.93
2743,S002,P001,2026-07-24,8,479.92
2744,S002,P002,2026-07-24,7,279.93
2745,S002,P003,2026-07-24,4,359.96
2746,S002,P004,2026-07-24,6,119.94
2747,S002,P005,2026-07-24,5,149.95
2748,S002,P006,2026-07-24,6,719.94
2749,S002,P007,2026-07-24,4,399.96
2750,S002,P008,2026-07-24,1,79.99
2751,S002,P009,2026-07-24,3,149.97
2752,S002,P010,2026-07-24,4,99.96
2753,S002,P011,2026-07-24,8,359.92
2754,S002,P012,2026-07-24,4,139.96
2755,S002,P013,2026-07-24,7,209.93
2756,S002,P014,2026-07-24,3,59.97
2757,S002,P015,2026-07-24,7,384.93
2758,S002,P016,2026-07-24,7,489.93
2759,S002,P017,2026-07-24,5,174.95
2760,S002,P018,2026-07-24,4,59.96
2761,S002,P019,2026-07-24,5,139.95
2762,S002,P020,2026-07-24,4,299.96
2763,S003,P001,2026-07-24,6,359.94
2764,S003,P002,2026-07-24,8,319.92
2765,S003,P003,2026-07-24,7,629.93
2766,S003,P004,2026-07-24,4,79.96
2767,S003,P005,2026-07-24,4,119.96
2768,S003,P006,2026-07-24,9,1079.91
2769,S003,P007,2026-07-24,7,699.93
2770,S003,P008,2026-07-24,1,79.99
2771,S003,P009,2026-07-24,5,249.95
2772,S003,P010,2026-07-24,8,199.92
2773,S003,P011,2026-07-24,4,179.96
2774,S003,P012,2026-07-24,8,279.92
2775,S003,P013,2026-07-24,8,239.92
2776,S003,P014,2026-07-24,3,59.97
2777,S003,P015,2026-07-24,4,219.96
2778,S003,P016,2026-07-24,2,139.98
2779,S003,P017,2026-07-24,4,139.96
2780,S003,P018,2026-07-24,7,104.93
2781,S003,P019,2026-07-24,2,55.98
2782,S003,P020,2026-07-24,4,299.96
2783,S001,P001,2026-07-25,6,359.94
2784,S001,P002,2026-07-25,8,319.92
2785,S001,P003,2026-07-25,5,449.95
2786,S001,P004,2026-07-25,8,159.92
2787,S001,P005,2026-07-25,6,179.94
2788,S001,P006,2026-07-25,7,839.93
2789,S001,P007,2026-07-25,10,999.9
2790,S001,P008,2026-07-25,1,79.99
2791,S001,P009,2026-07-25,7,349.93
2792,S001,P010,2026-07-25,8,199.92
2793,S001,P011,2026-07-25,5,224.95
2794,S001,P012,2026-07-25,3,104.97
2795,S001,P013,2026-07-25,2,59.98
2796,S001,P014,2026-07-25,7,139.93
2797,S001,P015,2026-07-25,8,439.92
2798,S001,P016,2026-07-25,7,489.93
2799,S001,P017,2026-07-25,3,104.97
2800,S001,P018,2026-07-25,3,44.97
2801,S001,P019,2026-07-25,2,55.98
2802,S001,P020,2026-07-25,8,599.92
2803,S002,P001,2026-07-25,7,419.93
2804,S002,P002,2026-07-25,3,119.97
2805,S002,P003,2026-07-25,8,719.92
2806,S002,P004,2026-07-25,3,59.97
2807,S002,P005,2026-07-25,2,59.98
2808,S002,P006,2026-07-25,10,1199.9
2809,S002,P007,2026-07-25,5,499.95
2810,S002,P008,2026-07-25,1,79.99
2811,S002,P009,2026-07-25,2,99.98
2812,S002,P010,2026-07-25,8,199.92
2813,S002,P011,2026-07-25,10,449.9
2814,S002,P012,2026-07-25,3,104.97
2815,S002,P013,2026-07-25,2,59.98
2816,S002,P014,2026-07-25,7,139.93
2817,S002,P015,2026-07-25,3,164.97
2818,S002,P016,2026-07-25,6,419.94
2819,S002,P017,2026-07-25,8,279.92
2820,S002,P018,2026-07-25,6,89.94
2821,S002,P019,2026-07-25,6,167.94
2822,S002,P020,2026-07-25,8,599.92
2823,S003,P001,2026-07-25,3,179.97
2824,S003,P002,2026-07-25,10,399.9
2825,S003,P003,2026-07-25,5,449.95
2826,S003,P004,2026-07-25,5,99.95
2827,S003,P005,2026-07-25,5,149.95
2828,S003,P006,2026-07-25,6,719.94
2829,S003,P007,2026-07-25,10,999.9
2830,S003,P008,2026-07-25,2,159.98
2831,S003,P009,2026-07-25,7,349.93
2832,S003,P010,2026-07-25,3,74.97
2833,S003,P011,2026-07-25,7,314.93
2834,S003,P012,2026-07-25,8,279.92
2835,S003,P013,2026-07-25,8,239.92
2836,S003,P014,2026-07-25,10,199.9
2837,S003,P015,2026-07-25,2,109.98
2838,S003,P016,2026-07-25,3,209.97
2839,S003,P017,2026-07-25,6,209.94
2840,S003,P018,2026-07-25,10,149.9
2841,S003,P019,2026-07-25,3,83.97
2842,S003,P020,2026-07-25,2,149.98
2843,S001,P001,2026-07-26,10,599.9
2844,S001,P002,2026-07-26,6,239.94
2845,S001,P003,2026-07-26,10,899.9
2846,S001,P004,2026-07-26,6,119.94
2847,S001,P005,2026-07-26,3,89.97
2848,S001,P006,2026-07-26,8,959.92
2849,S001,P007,2026-07-26,2,199.98
2850,S001,P008,2026-07-26,1,79.99
2851,S001,P009,2026-07-26,7,349.93
2852,S001,P010,2026-07-26,7,174.93
2853,S001,P011,2026-07-26,2,89.98
2854,S001,P012,2026-07-26,5,174.95
2855,S001,P013,2026-07-26,5,149.95
2856,S001,P014,2026-07-26,6,119.94
2857,S001,P015,2026-07-26,8,439.92
2858,S001,P016,2026-07-26,7,489.93
2859,S001,P017,2026-07-26,7,244.93
2860,S001,P018,2026-07-26,6,89.94
2861,S001,P019,2026-07-26,3,83.97
2862,S001,P020,2026-07-26,10,749.9
2863,S002,P001,2026-07-26,7,419.93
2864,S002,P002,2026-07-26,6,239.94
2865,S002,P003,2026-07-26,5,449.95
2866,S002,P004,2026-07-26,3,59.97
2867,S002,P005,2026-07-26,10,299.9
2868,S002,P006,2026-07-26,8,959.92
2869,S002,P007,2026-07-26,3,299.97
2870,S002,P008,2026-07-26,1,79.99
2871,S002,P009,2026-07-26,8,399.92
2872,S002,P010,2026-07-26,5,124.95
2873,S002,P011,2026-07-26,8,359.92
2874,S002,P012,2026-07-26,3,104.97
2875,S002,P013,2026-07-26,2,59.98
2876,S002,P014,2026-07-26,8,159.92
2877,S002,P015,2026-07-26,5,274.95
2878,S002,P016,2026-07-26,10,699.9
2879,S002,P017,2026-07-26,5,174.95
2880,S002,P018,2026-07-26,7,104.93
2881,S002,P019,2026-07-26,8,223.92
2882,S002,P020,2026-07-26,10,749.9
2883,S003,P001,2026-07-26,3,179.97
2884,S003,P002,2026-07-26,3,119.97
2885,S003,P003,2026-07-26,7,629.93
2886,S003,P004,2026-07-26,10,199.9
2887,S003,P005,2026-07-26,8,239.92
2888,S003,P006,2026-07-26,10,1199.9
2889,S003,P007,2026-07-26,7,699.93
2890,S003,P009,2026-07-26,6,299.94
2891,S003,P010,2026-07-26,8,199.92
2892,S003,P011,2026-07-26,2,89.98
2893,S003,P012,2026-07-26,3,104.97
2894,S003,P013,2026-07-26,3,89.97
2895,S003,P014,2026-07-26,6,119.94
2896,S003,P015,2026-07-26,5,274.95
2897,S003,P016,2026-07-26,3,209.97
2898,S003,P017,2026-07-26,2,69.98
2899,S003,P018,2026-07-26,5,74.95
2900,S003,P019,2026-07-26,6,167.94
2901,S003,P020,2026-07-26,3,224.97
2902,S001,P001,2026-07-27,5,299.95
2903,S001,P002,2026-07-27,8,319.92
2904,S001,P003,2026-07-27,4,359.96
2905,S001,P004,2026-07-27,4,79.96
2906,S001,P005,2026-07-27,4,119.96
2907,S001,P006,2026-07-27,10,1199.9
2908,S001,P007,2026-07-27,6,599.94
2909,S001,P008,2026-07-27,1,79.99
2910,S001,P009,2026-07-27,7,349.93
2911,S001,P010,2026-07-27,4,99.96
2912,S001,P011,2026-07-27,7,314.93
2913,S001,P012,2026-07-27,3,104.97
2914,S001,P013,2026-07-27,2,59.98
2915,S001,P014,2026-07-27,7,139.93
2916,S001,P015,2026-07-27,2,109.98
2917,S001,P016,2026-07-27,5,349.95
2918,S001,P017,2026-07-27,4,139.96
2919,S001,P018,2026-07-27,3,44.97
2920,S001,P019,2026-07-27,5,139.95
2921,S001,P020,2026-07-27,7,524.93
2922,S002,P001,2026-07-27,6,359.94
2923,S002,P002,2026-07-27,7,279.93
2924,S002,P003,2026-07-27,8,719.92
2925,S002,P004,2026-07-27,4,79.96
2926,S002,P005,2026-07-27,7,209.93
2927,S002,P006,2026-07-27,10,1199.9
2928,S002,P007,2026-07-27,4,399.96
2929,S002,P008,2026-07-27,2,159.98
2930,S002,P009,2026-07-27,3,149.97
2931,S002,P010,2026-07-27,3,74.97
2932,S002,P011,2026-07-27,3,134.97
2933,S002,P012,2026-07-27,5,174.95
2934,S002,P013,2026-07-27,3,89.97
2935,S002,P014,2026-07-27,5,99.95
2936,S002,P015,2026-07-27,7,384.93
2937,S002,P016,2026-07-27,6,419.94
2938,S002,P017,2026-07-27,4,139.96
2939,S002,P018,2026-07-27,5,74.95
2940,S002,P019,2026-07-27,7,195.93
2941,S002,P020,2026-07-27,6,449.94
2942,S003,P001,2026-07-27,5,299.95
2943,S003,P002,2026-07-27,8,319.92
2944,S003,P003,2026-07-27,6,539.94
2945,S003,P004,2026-07-27,8,159.92
2946,S003,P005,2026-07-27,7,209.93
2947,S003,P006,2026-07-27,6,719.94
2948,S003,P007,2026-07-27,8,799.92
2949,S003,P008,2026-07-27,2,159.98
2950,S003,P009,2026-07-27,8,399.92
2951,S003,P010,2026-07-27,6,149.94
2952,S003,P011,2026-07-27,8,359.92
2953,S003,P012,2026-07-27,8,279.92
2954,S003,P013,2026-07-27,2,59.98
2955,S003,P014,2026-07-27,6,119.94
2956,S003,P015,2026-07-27,5,274.95
2957,S003,P016,2026-07-27,6,419.94
2958,S003,P017,2026-07-27,7,244.93
2959,S003,P018,2026-07-27,4,59.96
2960,S003,P019,2026-07-27,2,55.98
2961,S003,P020,2026-07-27,6,449.94
2962,S001,P001,2026-07-28,2,119.98
2963,S001,P002,2026-07-28,2,79.98
2964,S001,P003,2026-07-28,8,719.92
2965,S001,P004,2026-07-28,6,119.94
2966,S001,P005,2026-07-28,6,179.94
2967,S001,P006,2026-07-28,9,1079.91
2968,S001,P007,2026-07-28,6,599.94
2969,S001,P009,2026-07-28,4,199.96
2970,S001,P010,2026-07-28,8,199.92
2971,S001,P011,2026-07-28,6,269.94
2972,S001,P012,2026-07-28,5,174.95
2973,S001,P013,2026-07-28,2,59.98
2974,S001,P014,2026-07-28,7,139.93
2975,S001,P015,2026-07-28,3,164.97
2976,S001,P016,2026-07-28,7,489.93
2977,S001,P017,2026-07-28,6,209.94
2978,S001,P018,2026-07-28,5,74.95
2979,S001,P019,2026-07-28,2,55.98
2980,S001,P020,2026-07-28,6,449.94
2981,S002,P001,2026-07-28,5,299.95
2982,S002,P002,2026-07-28,8,319.92
2983,S002,P003,2026-07-28,2,179.98
2984,S002,P004,2026-07-28,5,99.95
2985,S002,P005,2026-07-28,3,89.97
2986,S002,P006,2026-07-28,8,959.92
2987,S002,P007,2026-07-28,5,499.95
2988,S002,P009,2026-07-28,6,299.94
2989,S002,P010,2026-07-28,5,124.95
2990,S002,P011,2026-07-28,7,314.93
2991,S002,P012,2026-07-28,8,279.92
2992,S002,P013,2026-07-28,4,119.96
2993,S002,P014,2026-07-28,7,139.93
2994,S002,P015,2026-07-28,2,109.98
2995,S002,P016,2026-07-28,5,349.95
2996,S002,P017,2026-07-28,4,139.96
2997,S002,P018,2026-07-28,8,119.92
2998,S002,P019,2026-07-28,2,55.98
2999,S002,P020,2026-07-28,7,524.93
3000,S003,P001,2026-07-28,3,179.97
3001,S003,P002,2026-07-28,6,239.94
3002,S003,P003,2026-07-28,2,179.98
3003,S003,P004,2026-07-28,2,39.98
3004,S003,P005,2026-07-28,5,149.95
3005,S003,P006,2026-07-28,10,1199.9
3006,S003,P007,2026-07-28,2,199.98
3007,S003,P009,2026-07-28,2,99.98
3008,S003,P010,2026-07-28,5,124.95
3009,S003,P011,2026-07-28,2,89.98
3010,S003,P012,2026-07-28,4,139.96
3011,S003,P013,2026-07-28,5,149.95
3012,S003,P014,2026-07-28,3,59.97
3013,S003,P015,2026-07-28,8,439.92
3014,S003,P016,2026-07-28,3,209.97
3015,S003,P017,2026-07-28,8,279.92
3016,S003,P018,2026-07-28,7,104.93
3017,S003,P019,2026-07-28,7,195.93
3018,S003,P020,2026-07-28,7,524.93
3019,S001,P001,2026-07-29,5,299.95
3020,S001,P002,2026-07-29,4,159.96
3021,S001,P003,2026-07-29,5,449.95
3022,S001,P004,2026-07-29,5,99.95
3023,S001,P005,2026-07-29,8,239.92
3024,S001,P006,2026-07-29,8,959.92
3025,S001,P007,2026-07-29,2,199.98
3026,S001,P008,2026-07-29,2,159.98
3027,S001,P009,2026-07-29,8,399.92
3028,S001,P010,2026-07-29,6,149.94
3029,S001,P011,2026-07-29,3,134.97
3030,S001,P012,2026-07-29,7,244.93
3031,S001,P013,2026-07-29,8,239.92
3032,S001,P014,2026-07-29,4,79.96
3033,S001,P015,2026-07-29,2,109.98
3034,S001,P016,2026-07-29,3,209.97
3035,S001,P017,2026-07-29,6,209.94
3036,S001,P018,2026-07-29,5,74.95
3037,S001,P019,2026-07-29,6,167.94
3038,S001,P020,2026-07-29,3,224.97
3039,S002,P001,2026-07-29,7,419.93
3040,S002,P002,2026-07-29,3,119.97
3041,S002,P003,2026-07-29,8,719.92
3042,S002,P004,2026-07-29,2,39.98
3043,S002,P005,2026-07-29,8,239.92
3044,S002,P006,2026-07-29,7,839.93
3045,S002,P007,2026-07-29,5,499.95
3046,S002,P008,2026-07-29,2,159.98
3047,S002,P009,2026-07-29,6,299.94
3048,S002,P010,2026-07-29,5,124.95
3049,S002,P011,2026-07-29,6,269.94
3050,S002,P012,2026-07-29,5,174.95
3051,S002,P013,2026-07-29,8,239.92
3052,S002,P014,2026-07-29,3,59.97
3053,S002,P015,2026-07-29,3,164.97
3054,S002,P016,2026-07-29,5,349.95
3055,S002,P017,2026-07-29,4,139.96
3056,S002,P018,2026-07-29,3,44.97
3057,S002,P019,2026-07-29,4,111.96
3058,S002,P020,2026-07-29,3,224.97
3059,S003,P001,2026-07-29,7,419.93
3060,S003,P002,2026-07-29,8,319.92
3061,S003,P003,2026-07-29,2,179.98
3062,S003,P004,2026-07-29,2,39.98
3063,S003,P005,2026-07-29,8,239.92
3064,S003,P006,2026-07-29,8,959.92
3065,S003,P007,2026-07-29,6,599.94
3066,S003,P009,2026-07-29,3,149.97
3067,S003,P010,2026-07-29,3,74.97
3068,S003,P011,2026-07-29,2,89.98
3069,S003,P012,2026-07-29,2,69.98
3070,S003,P013,2026-07-29,6,179.94
3071,S003,P014,2026-07-29,2,39.98
3072,S003,P015,2026-07-29,5,274.95
3073,S003,P016,2026-07-29,6,419.94
3074,S003,P017,2026-07-29,7,244.93
3075,S003,P018,2026-07-29,7,104.93
3076,S003,P019,2026-07-29,8,223.92
3077,S003,P020,2026-07-29,2,149.98
3078,S001,P001,2026-07-30,3,179.97
3079,S001,P002,2026-07-30,7,279.93
3080,S001,P003,2026-07-30,2,179.98
3081,S001,P004,2026-07-30,5,99.95
3082,S001,P005,2026-07-30,5,149.95
3083,S001,P006,2026-07-30,9,1079.91
3084,S001,P007,2026-07-30,3,299.97
3085,S001,P009,2026-07-30,3,149.97
3086,S001,P010,2026-07-30,6,149.94
3087,S001,P011,2026-07-30,4,179.96
3088,S001,P012,2026-07-30,3,104.97
3089,S001,P013,2026-07-30,8,239.92
3090,S001,P014,2026-07-30,7,139.93
3091,S001,P015,2026-07-30,6,329.94
3092,S001,P016,2026-07-30,4,279.96
3093,S001,P017,2026-07-30,6,209.94
3094,S001,P018,2026-07-30,6,89.94
3095,S001,P019,2026-07-30,8,223.92
3096,S001,P020,2026-07-30,7,524.93
3097,S002,P001,2026-07-30,8,479.92
3098,S002,P002,2026-07-30,4,159.96
3099,S002,P003,2026-07-30,3,269.97
3100,S002,P004,2026-07-30,4,79.96
3101,S002,P005,2026-07-30,3,89.97
3102,S002,P006,2026-07-30,9,1079.91
3103,S002,P007,2026-07-30,3,299.97
3104,S002,P008,2026-07-30,1,79.99
3105,S002,P009,2026-07-30,4,199.96
3106,S002,P010,2026-07-30,2,49.98
3107,S002,P011,2026-07-30,6,269.94
3108,S002,P012,2026-07-30,6,209.94
3109,S002,P013,2026-07-30,7,209.93
3110,S002,P014,2026-07-30,3,59.97
3111,S002,P015,2026-07-30,7,384.93
3112,S002,P016,2026-07-30,7,489.93
3113,S002,P017,2026-07-30,5,174.95
3114,S002,P018,2026-07-30,6,89.94
3115,S002,P019,2026-07-30,5,139.95
3116,S002,P020,2026-07-30,2,149.98
3117,S003,P001,2026-07-30,4,239.96
3118,S003,P002,2026-07-30,7,279.93
3119,S003,P003,2026-07-30,7,629.93
3120,S003,P004,2026-07-30,5,99.95
3121,S003,P005,2026-07-30,8,239.92
3122,S003,P006,2026-07-30,7,839.93
3123,S003,P007,2026-07-30,7,699.93
3124,S003,P008,2026-07-30,1,79.99
3125,S003,P009,2026-07-30,3,149.97
3126,S003,P010,2026-07-30,4,99.96
3127,S003,P011,2026-07-30,5,224.95
3128,S003,P012,2026-07-30,3,104.97
3129,S003,P013,2026-07-30,8,239.92
3130,S003,P014,2026-07-30,6,119.94
3131,S003,P015,2026-07-30,5,274.95
3132,S003,P016,2026-07-30,3,209.97
3133,S003,P017,2026-07-30,8,279.92
3134,S003,P018,2026-07-30,3,44.97
3135,S003,P019,2026-07-30,4,111.96
3136,S003,P020,2026-07-30,8,599.92
3137,S001,P001,2026-07-31,7,419.93
3138,S001,P002,2026-07-31,3,119.97
3139,S001,P003,2026-07-31,8,719.92
3140,S001,P004,2026-07-31,5,99.95
3141,S001,P005,2026-07-31,2,59.98
3142,S001,P006,2026-07-31,8,959.92
3143,S001,P007,2026-07-31,5,499.95
3144,S001,P008,2026-07-31,2,159.98
3145,S001,P009,2026-07-31,3,149.97
3146,S001,P010,2026-07-31,5,124.95
3147,S001,P011,2026-07-31,3,134.97
3148,S001,P012,2026-07-31,4,139.96
3149,S001,P013,2026-07-31,3,89.97
3150,S001,P014,2026-07-31,4,79.96
3151,S001,P015,2026-07-31,7,384.93
3152,S001,P016,2026-07-31,2,139.98
3153,S001,P017,2026-07-31,5,174.95
3154,S001,P018,2026-07-31,8,119.92
3155,S001,P019,2026-07-31,4,111.96
3156,S001,P020,2026-07-31,2,149.98
3157,S002,P001,2026-07-31,6,359.94
3158,S002,P002,2026-07-31,7,279.93
3159,S002,P003,2026-07-31,8,719.92
3160,S002,P004,2026-07-31,3,59.97
3161,S002,P005,2026-07-31,2,59.98
3162,S002,P006,2026-07-31,8,959.92
3163,S002,P007,2026-07-31,7,699.93
3164,S002,P008,2026-07-31,2,159.98
3165,S002,P009,2026-07-31,2,99.98
3166,S002,P010,2026-07-31,8,199.92
3167,S002,P011,2026-07-31,2,89.98
3168,S002,P012,2026-07-31,3,104.97
3169,S002,P013,2026-07-31,8,239.92
3170,S002,P014,2026-07-31,8,159.92
3171,S002,P015,2026-07-31,6,329.94
3172,S002,P016,2026-07-31,7,489.93
3173,S002,P017,2026-07-31,7,244.93
3174,S002,P018,2026-07-31,6,89.94
3175,S002,P019,2026-07-31,3,83.97
3176,S002,P020,2026-07-31,5,374.95
3177,S003,P001,2026-07-31,3,179.97
3178,S003,P002,2026-07-31,8,319.92
3179,S003,P003,2026-07-31,4,359.96
3180,S003,P004,2026-07-31,4,79.96
3181,S003,P005,2026-07-31,2,59.98
3182,S003,P006,2026-07-31,6,719.94
3183,S003,P007,2026-07-31,7,699.93
3184,S003,P008,2026-07-31,2,159.98
3185,S003,P009,2026-07-31,8,399.92
3186,S003,P010,2026-07-31,5,124.95
3187,S003,P011,2026-07-31,3,134.97
3188,S003,P012,2026-07-31,7,244.93
3189,S003,P013,2026-07-31,6,179.94
3190,S003,P014,2026-07-31,7,139.93
3191,S003,P015,2026-07-31,3,164.97
3192,S003,P016,2026-07-31,5,349.95
3193,S003,P017,2026-07-31,3,104.97
3194,S003,P018,2026-07-31,6,89.94
3195,S003,P019,2026-07-31,4,111.96
3196,S003,P020,2026-07-31,8,599.92
3197,S001,P001,2026-08-01,5,299.95
3198,S001,P002,2026-08-01,6,239.94
3199,S001,P003,2026-08-01,6,539.94
3200,S001,P004,2026-08-01,7,139.93
3201,S001,P005,2026-08-01,8,239.92
3202,S001,P006,2026-08-01,8,959.92
3203,S001,P007,2026-08-01,5,499.95
3204,S001,P008,2026-08-01,2,159.98
3205,S001,P009,2026-08-01,6,299.94
3206,S001,P010,2026-08-01,6,149.94
3207,S001,P011,2026-08-01,2,89.98
3208,S001,P012,2026-08-01,10,349.9
3209,S001,P013,2026-08-01,8,239.92
3210,S001,P014,2026-08-01,6,119.94
3211,S001,P015,2026-08-01,10,549.9
3212,S001,P016,2026-08-01,10,699.9
3213,S001,P017,2026-08-01,5,174.95
3214,S001,P018,2026-08-01,3,44.97
3215,S001,P019,2026-08-01,5,139.95
3216,S001,P020,2026-08-01,5,374.95
3217,S002,P001,2026-08-01,6,359.94
3218,S002,P002,2026-08-01,2,79.98
3219,S002,P003,2026-08-01,7,629.93
3220,S002,P004,2026-08-01,10,199.9
3221,S002,P005,2026-08-01,3,89.97
3222,S002,P006,2026-08-01,7,839.93
3223,S002,P007,2026-08-01,2,199.98
3224,S002,P008,2026-08-01,2,159.98
3225,S002,P009,2026-08-01,7,349.93
3226,S002,P010,2026-08-01,7,174.93
3227,S002,P011,2026-08-01,8,359.92
3228,S002,P012,2026-08-01,6,209.94
3229,S002,P013,2026-08-01,5,149.95
3230,S002,P014,2026-08-01,3,59.97
3231,S002,P015,2026-08-01,3,164.97
3232,S002,P016,2026-08-01,5,349.95
3233,S002,P017,2026-08-01,3,104.97
3234,S002,P018,2026-08-01,6,89.94
3235,S002,P019,2026-08-01,7,195.93
3236,S002,P020,2026-08-01,10,749.9
3237,S003,P001,2026-08-01,3,179.97
3238,S003,P002,2026-08-01,6,239.94
3239,S003,P003,2026-08-01,7,629.93
3240,S003,P004,2026-08-01,8,159.92
3241,S003,P005,2026-08-01,8,239.92
3242,S003,P006,2026-08-01,8,959.92
3243,S003,P007,2026-08-01,10,999.9
3244,S003,P008,2026-08-01,1,79.99
3245,S003,P009,2026-08-01,8,399.92
3246,S003,P010,2026-08-01,8,199.92
3247,S003,P011,2026-08-01,8,359.92
3248,S003,P012,2026-08-01,6,209.94
3249,S003,P013,2026-08-01,6,179.94
3250,S003,P014,2026-08-01,3,59.97
3251,S003,P015,2026-08-01,8,439.92
3252,S003,P016,2026-08-01,10,699.9
3253,S003,P017,2026-08-01,5,174.95
3254,S003,P018,2026-08-01,3,44.97
3255,S003,P019,2026-08-01,3,83.97
3256,S003,P020,2026-08-01,8,599.92
3257,S001,P001,2026-08-02,7,419.93
3258,S001,P002,2026-08-02,6,239.94
3259,S001,P003,2026-08-02,3,269.97
3260,S001,P004,2026-08-02,7,139.93
3261,S001,P005,2026-08-02,8,239.92
3262,S001,P006,2026-08-02,11,1319.89
3263,S001,P007,2026-08-02,2,199.98
3264,S001,P009,2026-08-02,10,499.9
3265,S001,P010,2026-08-02,8,199.92
3266,S001,P011,2026-08-02,2,89.98
3267,S001,P012,2026-08-02,10,349.9
3268,S001,P013,2026-08-02,2,59.98
3269,S001,P014,2026-08-02,6,119.94
3270,S001,P015,2026-08-02,3,164.97
3271,S001,P016,2026-08-02,10,699.9
3272,S001,P017,2026-08-02,8,279.92
3273,S001,P018,2026-08-02,3,44.97
3274,S001,P019,2026-08-02,2,55.98
3275,S001,P020,2026-08-02,8,599.92
3276,S002,P001,2026-08-02,3,179.97
3277,S002,P002,2026-08-02,2,79.98
3278,S002,P003,2026-08-02,3,269.97
3279,S002,P004,2026-08-02,7,139.93
3280,S002,P005,2026-08-02,6,179.94
3281,S002,P006,2026-08-02,6,719.94
3282,S002,P007,2026-08-02,7,699.93
3283,S002,P008,2026-08-02,2,159.98
3284,S002,P009,2026-08-02,7,349.93
3285,S002,P010,2026-08-02,6,149.94
3286,S002,P011,2026-08-02,8,359.92
3287,S002,P012,2026-08-02,6,209.94
3288,S002,P013,2026-08-02,2,59.98
3289,S002,P014,2026-08-02,2,39.98
3290,S002,P015,2026-08-02,7,384.93
3291,S002,P016,2026-08-02,7,489.93
3292,S002,P017,2026-08-02,6,209.94
3293,S002,P018,2026-08-02,2,29.98
3294,S002,P019,2026-08-02,2,55.98
3295,S002,P020,2026-08-02,7,524.93
3296,S003,P001,2026-08-02,8,479.92
3297,S003,P002,2026-08-02,5,199.95
3298,S003,P003,2026-08-02,7,629.93
3299,S003,P004,2026-08-02,5,99.95
3300,S003,P005,2026-08-02,2,59.98
3301,S003,P006,2026-08-02,12,1439.88
3302,S003,P007,2026-08-02,8,799.92
3303,S003,P009,2026-08-02,2,99.98
3304,S003,P010,2026-08-02,2,49.98
3305,S003,P011,2026-08-02,7,314.93
3306,S003,P012,2026-08-02,3,104.97
3307,S003,P013,2026-08-02,3,89.97
3308,S003,P014,2026-08-02,3,59.97
3309,S003,P015,2026-08-02,7,384.93
3310,S003,P016,2026-08-02,7,489.93
3311,S003,P017,2026-08-02,5,174.95
3312,S003,P018,2026-08-02,10,149.9
3313,S003,P019,2026-08-02,5,139.95
3314,S003,P020,2026-08-02,5,374.95
3315,S001,P001,2026-08-03,8,479.92
3316,S001,P002,2026-08-03,5,199.95
3317,S001,P003,2026-08-03,2,179.98
3318,S001,P004,2026-08-03,4,79.96
3319,S001,P005,2026-08-03,5,149.95
3320,S001,P006,2026-08-03,9,1079.91
3321,S001,P007,2026-08-03,3,299.97
3322,S001,P009,2026-08-03,4,199.96
3323,S001,P010,2026-08-03,7,174.93
3324,S001,P011,2026-08-03,8,359.92
3325,S001,P012,2026-08-03,8,279.92
3326,S001,P013,2026-08-03,2,59.98
3327,S001,P014,2026-08-03,7,139.93
3328,S001,P015,2026-08-03,8,439.92
3329,S001,P016,2026-08-03,7,489.93
3330,S001,P017,2026-08-03,8,279.92
3331,S001,P018,2026-08-03,2,29.98
3332,S001,P019,2026-08-03,2,55.98
3333,S001,P020,2026-08-03,5,374.95
3334,S002,P001,2026-08-03,5,299.95
3335,S002,P002,2026-08-03,5,199.95
3336,S002,P003,2026-08-03,6,539.94
3337,S002,P004,2026-08-03,5,99.95
3338,S002,P005,2026-08-03,2,59.98
3339,S002,P006,2026-08-03,5,599.95
3340,S002,P007,2026-08-03,7,699.93
3341,S002,P009,2026-08-03,5,249.95
3342,S002,P010,2026-08-03,8,199.92
3343,S002,P011,2026-08-03,5,224.95
3344,S002,P012,2026-08-03,7,244.93
3345,S002,P013,2026-08-03,8,239.92
3346,S002,P014,2026-08-03,4,79.96
3347,S002,P015,2026-08-03,6,329.94
3348,S002,P016,2026-08-03,8,559.92
3349,S002,P017,2026-08-03,2,69.98
3350,S002,P018,2026-08-03,6,89.94
3351,S002,P019,2026-08-03,2,55.98
3352,S002,P020,2026-08-03,3,224.97
3353,S003,P001,2026-08-03,3,179.97
3354,S003,P002,2026-08-03,8,319.92
3355,S003,P003,2026-08-03,7,629.93
3356,S003,P004,2026-08-03,6,119.94
3357,S003,P005,2026-08-03,5,149.95
3358,S003,P006,2026-08-03,5,599.95
3359,S003,P007,2026-08-03,2,199.98
3360,S003,P008,2026-08-03,1,79.99
3361,S003,P009,2026-08-03,6,299.94
3362,S003,P010,2026-08-03,6,149.94
3363,S003,P011,2026-08-03,7,314.93
3364,S003,P012,2026-08-03,2,69.98
3365,S003,P013,2026-08-03,3,89.97
3366,S003,P014,2026-08-03,8,159.92
3367,S003,P015,2026-08-03,4,219.96
3368,S003,P016,2026-08-03,2,139.98
3369,S003,P017,2026-08-03,3,104.97
3370,S003,P018,2026-08-03,6,89.94
3371,S003,P019,2026-08-03,3,83.97
3372,S003,P020,2026-08-03,8,599.92
3373,S001,P001,2026-08-04,8,479.92
3374,S001,P002,2026-08-04,7,279.93
3375,S001,P003,2026-08-04,8,719.92
3376,S001,P004,2026-08-04,5,99.95
3377,S001,P005,2026-08-04,2,59.98
3378,S001,P006,2026-08-04,6,719.94
3379,S001,P007,2026-08-04,6,599.94
3380,S001,P008,2026-08-04,2,159.98
3381,S001,P009,2026-08-04,8,399.92
3382,S001,P010,2026-08-04,8,199.92
3383,S001,P011,2026-08-04,5,224.95
3384,S001,P012,2026-08-04,7,244.93
3385,S001,P013,2026-08-04,6,179.94
3386,S001,P014,2026-08-04,4,79.96
3387,S001,P015,2026-08-04,5,274.95
3388,S001,P016,2026-08-04,8,559.92
3389,S001,P017,2026-08-04,7,244.93
3390,S001,P018,2026-08-04,3,44.97
3391,S001,P019,2026-08-04,8,223.92
3392,S001,P020,2026-08-04,7,524.93
3393,S002,P001,2026-08-04,7,419.93
3394,S002,P002,2026-08-04,2,79.98
3395,S002,P003,2026-08-04,6,539.94
3396,S002,P004,2026-08-04,7,139.93
3397,S002,P005,2026-08-04,4,119.96
3398,S002,P006,2026-08-04,5,599.95
3399,S002,P007,2026-08-04,5,499.95
3400,S002,P009,2026-08-04,4,199.96
3401,S002,P010,2026-08-04,6,149.94
3402,S002,P011,2026-08-04,8,359.92
3403,S002,P012,2026-08-04,6,209.94
3404,S002,P013,2026-08-04,6,179.94
3405,S002,P014,2026-08-04,5,99.95
3406,S002,P015,2026-08-04,8,439.92
3407,S002,P016,2026-08-04,4,279.96
3408,S002,P017,2026-08-04,2,69.98
3409,S002,P018,2026-08-04,7,104.93
3410,S002,P019,2026-08-04,4,111.96
3411,S002,P020,2026-08-04,8,599.92
3412,S003,P001,2026-08-04,5,299.95
3413,S003,P002,2026-08-04,5,199.95
3414,S003,P003,2026-08-04,3,269.97
3415,S003,P004,2026-08-04,4,79.96
3416,S003,P005,2026-08-04,6,179.94
3417,S003,P006,2026-08-04,8,959.92
3418,S003,P007,2026-08-04,3,299.97
3419,S003,P008,2026-08-04,2,159.98
3420,S003,P009,2026-08-04,7,349.93
3421,S003,P010,2026-08-04,5,124.95
3422,S003,P011,2026-08-04,2,89.98
3423,S003,P012,2026-08-04,8,279.92
3424,S003,P013,2026-08-04,6,179.94
3425,S003,P014,2026-08-04,4,79.96
3426,S003,P015,2026-08-04,8,439.92
3427,S003,P016,2026-08-04,3,209.97
3428,S003,P017,2026-08-04,7,244.93
3429,S003,P018,2026-08-04,2,29.98
3430,S003,P019,2026-08-04,2,55.98
3431,S003,P020,2026-08-04,4,299.96
3432,S001,P001,2026-08-05,3,179.97
3433,S001,P002,2026-08-05,5,199.95
3434,S001,P003,2026-08-05,7,629.93
3435,S001,P004,2026-08-05,8,159.92
3436,S001,P005,2026-08-05,7,209.93
3437,S001,P006,2026-08-05,10,1199.9
3438,S001,P007,2026-08-05,5,499.95
3439,S001,P008,2026-08-05,1,79.99
3440,S001,P009,2026-08-05,2,99.98
3441,S001,P010,2026-08-05,2,49.98
3442,S001,P011,2026-08-05,2,89.98
3443,S001,P012,2026-08-05,4,139.96
3444,S001,P013,2026-08-05,5,149.95
3445,S001,P014,2026-08-05,4,79.96
3446,S001,P015,2026-08-05,8,439.92
3447,S001,P016,2026-08-05,4,279.96
3448,S001,P017,2026-08-05,2,69.98
3449,S001,P018,2026-08-05,3,44.97
3450,S001,P019,2026-08-05,2,55.98
3451,S001,P020,2026-08-05,3,224.97
3452,S002,P001,2026-08-05,5,299.95
3453,S002,P002,2026-08-05,5,199.95
3454,S002,P003,2026-08-05,6,539.94
3455,S002,P004,2026-08-05,6,119.94
3456,S002,P005,2026-08-05,6,179.94
3457,S002,P006,2026-08-05,5,599.95
3458,S002,P007,2026-08-05,2,199.98
3459,S002,P008,2026-08-05,1,79.99
3460,S002,P009,2026-08-05,6,299.94
3461,S002,P010,2026-08-05,2,49.98
3462,S002,P011,2026-08-05,6,269.94
3463,S002,P012,2026-08-05,6,209.94
3464,S002,P013,2026-08-05,8,239.92
3465,S002,P014,2026-08-05,4,79.96
3466,S002,P015,2026-08-05,8,439.92
3467,S002,P016,2026-08-05,5,349.95
3468,S002,P017,2026-08-05,2,69.98
3469,S002,P018,2026-08-05,4,59.96
3470,S002,P019,2026-08-05,5,139.95
3471,S002,P020,2026-08-05,5,374.95
3472,S003,P001,2026-08-05,8,479.92
3473,S003,P002,2026-08-05,2,79.98
3474,S003,P003,2026-08-05,7,629.93
3475,S003,P004,2026-08-05,6,119.94
3476,S003,P005,2026-08-05,3,89.97
3477,S003,P006,2026-08-05,9,1079.91
3478,S003,P007,2026-08-05,3,299.97
3479,S003,P008,2026-08-05,1,79.99
3480,S003,P009,2026-08-05,3,149.97
3481,S003,P010,2026-08-05,3,74.97
3482,S003,P011,2026-08-05,4,179.96
3483,S003,P012,2026-08-05,4,139.96
3484,S003,P013,2026-08-05,4,119.96
3485,S003,P014,2026-08-05,5,99.95
3486,S003,P015,2026-08-05,3,164.97
3487,S003,P016,2026-08-05,2,139.98
3488,S003,P017,2026-08-05,3,104.97
3489,S003,P018,2026-08-05,5,74.95
3490,S003,P019,2026-08-05,4,111.96
3491,S003,P020,2026-08-05,5,374.95
3492,S001,P001,2026-08-06,4,239.96
3493,S001,P002,2026-08-06,5,199.95
3494,S001,P003,2026-08-06,8,719.92
3495,S001,P004,2026-08-06,2,39.98
3496,S001,P005,2026-08-06,4,119.96
3497,S001,P006,2026-08-06,6,719.94
3498,S001,P007,2026-08-06,7,699.93
3499,S001,P008,2026-08-06,1,79.99
3500,S001,P009,2026-08-06,6,299.94
3501,S001,P010,2026-08-06,6,149.94
3502,S001,P011,2026-08-06,3,134.97
3503,S001,P012,2026-08-06,5,174.95
3504,S001,P013,2026-08-06,2,59.98
3505,S001,P014,2026-08-06,3,59.97
3506,S001,P015,2026-08-06,4,219.96
3507,S001,P016,2026-08-06,2,139.98
3508,S001,P017,2026-08-06,5,174.95
3509,S001,P018,2026-08-06,4,59.96
3510,S001,P019,2026-08-06,8,223.92
3511,S001,P020,2026-08-06,6,449.94
3512,S002,P001,2026-08-06,5,299.95
3513,S002,P002,2026-08-06,8,319.92
3514,S002,P003,2026-08-06,8,719.92
3515,S002,P004,2026-08-06,4,79.96
3516,S002,P005,2026-08-06,5,149.95
3517,S002,P006,2026-08-06,8,959.92
3518,S002,P007,2026-08-06,8,799.92
3519,S002,P008,2026-08-06,2,159.98
3520,S002,P009,2026-08-06,6,299.94
3521,S002,P010,2026-08-06,3,74.97
3522,S002,P011,2026-08-06,4,179.96
3523,S002,P012,2026-08-06,4,139.96
3524,S002,P013,2026-08-06,6,179.94
3525,S002,P014,2026-08-06,7,139.93
3526,S002,P015,2026-08-06,3,164.97
3527,S002,P016,2026-08-06,5,349.95
3528,S002,P017,2026-08-06,4,139.96
3529,S002,P018,2026-08-06,3,44.97
3530,S002,P019,2026-08-06,5,139.95
3531,S002,P020,2026-08-06,4,299.96
3532,S003,P001,2026-08-06,4,239.96
3533,S003,P002,2026-08-06,7,279.93
3534,S003,P003,2026-08-06,7,629.93
3535,S003,P004,2026-08-06,7,139.93
3536,S003,P005,2026-08-06,5,149.95
3537,S003,P006,2026-08-06,6,719.94
3538,S003,P007,2026-08-06,4,399.96
3539,S003,P008,2026-08-06,1,79.99
3540,S003,P009,2026-08-06,8,399.92
3541,S003,P010,2026-08-06,8,199.92
3542,S003,P011,2026-08-06,5,224.95
3543,S003,P012,2026-08-06,4,139.96
3544,S003,P013,2026-08-06,2,59.98
3545,S003,P014,2026-08-06,6,119.94
3546,S003,P015,2026-08-06,3,164.97
3547,S003,P016,2026-08-06,6,419.94
3548,S003,P017,2026-08-06,6,209.94
3549,S003,P018,2026-08-06,3,44.97
3550,S003,P019,2026-08-06,7,195.93
3551,S003,P020,2026-08-06,8,599.92
3552,S001,P001,2026-08-07,2,119.98
3553,S001,P002,2026-08-07,2,79.98
3554,S001,P003,2026-08-07,7,629.93
3555,S001,P004,2026-08-07,5,99.95
3556,S001,P005,2026-08-07,7,209.93
3557,S001,P006,2026-08-07,8,959.92
3558,S001,P007,2026-08-07,8,799.92
3559,S001,P008,2026-08-07,2,159.98
3560,S001,P009,2026-08-07,2,99.98
3561,S001,P010,2026-08-07,8,199.92
3562,S001,P011,2026-08-07,8,359.92
3563,S001,P012,2026-08-07,8,279.92
3564,S001,P013,2026-08-07,8,239.92
3565,S001,P014,2026-08-07,5,99.95
3566,S001,P015,2026-08-07,7,384.93
3567,S001,P016,2026-08-07,5,349.95
3568,S001,P017,2026-08-07,3,104.97
3569,S001,P018,2026-08-07,7,104.93
3570,S001,P019,2026-08-07,4,111.96
3571,S001,P020,2026-08-07,3,224.97
3572,S002,P001,2026-08-07,1,59.99
3573,S002,P002,2026-08-07,7,279.93
3574,S002,P003,2026-08-07,3,269.97
3575,S002,P004,2026-08-07,7,139.93
3576,S002,P005,2026-08-07,5,149.95
3577,S002,P006,2026-08-07,8,959.92
3578,S002,P007,2026-08-07,2,199.98
3579,S002,P008,2026-08-07,2,159.98
3580,S002,P009,2026-08-07,5,249.95
3581,S002,P010,2026-08-07,6,149.94
3582,S002,P011,2026-08-07,5,224.95
3583,S002,P012,2026-08-07,6,209.94
3584,S002,P013,2026-08-07,6,179.94
3585,S002,P014,2026-08-07,8,159.92
3586,S002,P015,2026-08-07,7,384.93
3587,S002,P016,2026-08-07,5,349.95
3588,S002,P017,2026-08-07,6,209.94
3589,S002,P018,2026-08-07,2,29.98
3590,S002,P019,2026-08-07,8,223.92
3591,S002,P020,2026-08-07,4,299.96
3592,S003,P001,2026-08-07,3,179.97
3593,S003,P002,2026-08-07,8,319.92
3594,S003,P003,2026-08-07,6,539.94
3595,S003,P004,2026-08-07,6,119.94
3596,S003,P005,2026-08-07,7,209.93
3597,S003,P006,2026-08-07,5,599.95
3598,S003,P007,2026-08-07,8,799.92
3599,S003,P008,2026-08-07,2,159.98
3600,S003,P009,2026-08-07,7,349.93
3601,S003,P010,2026-08-07,4,99.96
3602,S003,P011,2026-08-07,3,134.97
3603,S003,P012,2026-08-07,7,244.93
3604,S003,P013,2026-08-07,6,179.94
3605,S003,P014,2026-08-07,2,39.98
3606,S003,P015,2026-08-07,6,329.94
3607,S003,P016,2026-08-07,7,489.93
3608,S003,P017,2026-08-07,7,244.93
3609,S003,P018,2026-08-07,7,104.93
3610,S003,P019,2026-08-07,5,139.95
3611,S003,P020,2026-08-07,8,599.92
3612,S001,P001,2026-08-08,1,59.99
3613,S001,P002,2026-08-08,10,399.9
3614,S001,P003,2026-08-08,6,539.94
3615,S001,P004,2026-08-08,2,39.98
3616,S001,P005,2026-08-08,2,59.98
3617,S001,P006,2026-08-08,8,959.92
3618,S001,P007,2026-08-08,3,299.97
3619,S001,P008,2026-08-08,2,159.98
3620,S001,P009,2026-08-08,7,349.93
3621,S001,P010,2026-08-08,7,174.93
3622,S001,P011,2026-08-08,7,314.93
3623,S001,P012,2026-08-08,8,279.92
3624,S001,P013,2026-08-08,7,209.93
3625,S001,P014,2026-08-08,3,59.97
3626,S001,P015,2026-08-08,6,329.94
3627,S001,P016,2026-08-08,5,349.95
3628,S001,P017,2026-08-08,6,209.94
3629,S001,P018,2026-08-08,6,89.94
3630,S001,P019,2026-08-08,10,279.9
3631,S001,P020,2026-08-08,8,599.92
3632,S002,P001,2026-08-08,2,119.98
3633,S002,P002,2026-08-08,8,319.92
3634,S002,P003,2026-08-08,7,629.93
3635,S002,P004,2026-08-08,3,59.97
3636,S002,P005,2026-08-08,5,149.95
3637,S002,P006,2026-08-08,10,1199.9
3638,S002,P007,2026-08-08,2,199.98
3639,S002,P008,2026-08-08,1,79.99
3640,S002,P009,2026-08-08,2,99.98
3641,S002,P010,2026-08-08,2,49.98
3642,S002,P011,2026-08-08,10,449.9
3643,S002,P012,2026-08-08,8,279.92
3644,S002,P013,2026-08-08,3,89.97
3645,S002,P014,2026-08-08,5,99.95
3646,S002,P015,2026-08-08,5,274.95
3647,S002,P016,2026-08-08,5,349.95
3648,S002,P017,2026-08-08,6,209.94
3649,S002,P018,2026-08-08,10,149.9
3650,S002,P019,2026-08-08,3,83.97
3651,S002,P020,2026-08-08,7,524.93
3652,S003,P001,2026-08-08,2,119.98
3653,S003,P002,2026-08-08,5,199.95
3654,S003,P003,2026-08-08,6,539.94
3655,S003,P004,2026-08-08,2,39.98
3656,S003,P005,2026-08-08,6,179.94
3657,S003,P006,2026-08-08,12,1439.88
3658,S003,P007,2026-08-08,6,599.94
3659,S003,P009,2026-08-08,5,249.95
3660,S003,P010,2026-08-08,2,49.98
3661,S003,P011,2026-08-08,10,449.9
3662,S003,P012,2026-08-08,8,279.92
3663,S003,P013,2026-08-08,2,59.98
3664,S003,P014,2026-08-08,2,39.98
3665,S003,P015,2026-08-08,10,549.9
3666,S003,P016,2026-08-08,5,349.95
3667,S003,P017,2026-08-08,8,279.92
3668,S003,P018,2026-08-08,2,29.98
3669,S003,P019,2026-08-08,8,223.92
3670,S003,P020,2026-08-08,10,749.9
3671,S001,P001,2026-08-09,1,59.99
3672,S001,P002,2026-08-09,8,319.92
3673,S001,P003,2026-08-09,3,269.97
3674,S001,P004,2026-08-09,7,139.93
3675,S001,P005,2026-08-09,3,89.97
3676,S001,P006,2026-08-09,7,839.93
3677,S001,P007,2026-08-09,5,499.95
3678,S001,P008,2026-08-09,1,79.99
3679,S001,P009,2026-08-09,6,299.94
3680,S001,P010,2026-08-09,3,74.97
3681,S001,P011,2026-08-09,10,449.9
3682,S001,P012,2026-08-09,6,209.94
3683,S001,P013,2026-08-09,8,239.92
3684,S001,P014,2026-08-09,3,59.97
3685,S001,P015,2026-08-09,3,164.97
3686,S001,P016,2026-08-09,8,559.92
3687,S001,P017,2026-08-09,8,279.92
3688,S001,P018,2026-08-09,6,89.94
3689,S001,P019,2026-08-09,6,167.94
3690,S001,P020,2026-08-09,2,149.98
3691,S002,P001,2026-08-09,3,179.97
3692,S002,P002,2026-08-09,7,279.93
3693,S002,P003,2026-08-09,3,269.97
3694,S002,P004,2026-08-09,6,119.94
3695,S002,P005,2026-08-09,7,209.93
3696,S002,P006,2026-08-09,10,1199.9
3697,S002,P007,2026-08-09,2,199.98
3698,S002,P009,2026-08-09,3,149.97
3699,S002,P010,2026-08-09,5,124.95
3700,S002,P011,2026-08-09,10,449.9
3701,S002,P012,2026-08-09,8,279.92
3702,S002,P013,2026-08-09,10,299.9
3703,S002,P014,2026-08-09,10,199.9
3704,S002,P015,2026-08-09,2,109.98
3705,S002,P016,2026-08-09,7,489.93
3706,S002,P017,2026-08-09,2,69.98
3707,S002,P018,2026-08-09,10,149.9
3708,S002,P019,2026-08-09,10,279.9
3709,S002,P020,2026-08-09,7,524.93
3710,S003,P001,2026-08-09,1,59.99
3711,S003,P002,2026-08-09,5,199.95
3712,S003,P003,2026-08-09,5,449.95
3713,S003,P004,2026-08-09,3,59.97
3714,S003,P005,2026-08-09,6,179.94
3715,S003,P006,2026-08-09,8,959.92
3716,S003,P007,2026-08-09,8,799.92
3717,S003,P008,2026-08-09,1,79.99
3718,S003,P009,2026-08-09,7,349.93
3719,S003,P010,2026-08-09,8,199.92
3720,S003,P011,2026-08-09,5,224.95
3721,S003,P012,2026-08-09,7,244.93
3722,S003,P013,2026-08-09,6,179.94
3723,S003,P014,2026-08-09,7,139.93
3724,S003,P015,2026-08-09,6,329.94
3725,S003,P016,2026-08-09,7,489.93
3726,S003,P017,2026-08-09,2,69.98
3727,S003,P018,2026-08-09,5,74.95
3728,S003,P019,2026-08-09,5,139.95
3729,S003,P020,2026-08-09,10,749.9
3730,S001,P001,2026-08-10,2,119.98
3731,S001,P002,2026-08-10,6,239.94
3732,S001,P003,2026-08-10,3,269.97
3733,S001,P004,2026-08-10,8,159.92
3734,S001,P005,2026-08-10,7,209.93
3735,S001,P006,2026-08-10,7,839.93
3736,S001,P007,2026-08-10,6,599.94
3737,S001,P009,2026-08-10,7,349.93
3738,S001,P010,2026-08-10,3,74.97
3739,S001,P011,2026-08-10,4,179.96
3740,S001,P012,2026-08-10,2,69.98
3741,S001,P013,2026-08-10,3,89.97
3742,S001,P014,2026-08-10,4,79.96
3743,S001,P015,2026-08-10,2,109.98
3744,S001,P016,2026-08-10,3,209.97
3745,S001,P017,2026-08-10,4,139.96
3746,S001,P018,2026-08-10,7,104.93
3747,S001,P019,2026-08-10,3,83.97
3748,S001,P020,2026-08-10,6,449.94
3749,S002,P001,2026-08-10,2,119.98
3750,S002,P002,2026-08-10,5,199.95
3751,S002,P003,2026-08-10,6,539.94
3752,S002,P004,2026-08-10,3,59.97
3753,S002,P005,2026-08-10,6,179.94
3754,S002,P006,2026-08-10,8,959.92
3755,S002,P007,2026-08-10,3,299.97
3756,S002,P008,2026-08-10,2,159.98
3757,S002,P009,2026-08-10,6,299.94
3758,S002,P010,2026-08-10,7,174.93
3759,S002,P011,2026-08-10,7,314.93
3760,S002,P012,2026-08-10,3,104.97
3761,S002,P013,2026-08-10,6,179.94
3762,S002,P014,2026-08-10,3,59.97
3763,S002,P015,2026-08-10,5,274.95
3764,S002,P016,2026-08-10,4,279.96
3765,S002,P017,2026-08-10,3,104.97
3766,S002,P018,2026-08-10,3,44.97
3767,S002,P019,2026-08-10,4,111.96
3768,S002,P020,2026-08-10,8,599.92
3769,S003,P001,2026-08-10,2,119.98
3770,S003,P002,2026-08-10,6,239.94
3771,S003,P003,2026-08-10,2,179.98
3772,S003,P004,2026-08-10,8,159.92
3773,S003,P005,2026-08-10,4,119.96
3774,S003,P006,2026-08-10,8,959.92
3775,S003,P007,2026-08-10,3,299.97
3776,S003,P008,2026-08-10,1,79.99
3777,S003,P009,2026-08-10,6,299.94
3778,S003,P010,2026-08-10,6,149.94
3779,S003,P011,2026-08-10,7,314.93
3780,S003,P012,2026-08-10,5,174.95
3781,S003,P013,2026-08-10,5,149.95
3782,S003,P014,2026-08-10,7,139.93
3783,S003,P015,2026-08-10,5,274.95
3784,S003,P016,2026-08-10,5,349.95
3785,S003,P017,2026-08-10,7,244.93
3786,S003,P018,2026-08-10,8,119.92
3787,S003,P019,2026-08-10,5,139.95
3788,S003,P020,2026-08-10,5,374.95
3789,S001,P001,2026-08-11,1,59.99
3790,S001,P002,2026-08-11,2,79.98
3791,S001,P003,2026-08-11,6,539.94
3792,S001,P004,2026-08-11,2,39.98
3793,S001,P005,2026-08-11,8,239.92
3794,S001,P006,2026-08-11,6,719.94
3795,S001,P007,2026-08-11,4,399.96
3796,S001,P008,2026-08-11,1,79.99
3797,S001,P009,2026-08-11,3,149.97
3798,S001,P010,2026-08-11,6,149.94
3799,S001,P011,2026-08-11,4,179.96
3800,S001,P012,2026-08-11,3,104.97
3801,S001,P013,2026-08-11,8,239.92
3802,S001,P014,2026-08-11,5,99.95
3803,S001,P015,2026-08-11,6,329.94
3804,S001,P016,2026-08-11,7,489.93
3805,S001,P017,2026-08-11,8,279.92
3806,S001,P018,2026-08-11,8,119.92
3807,S001,P019,2026-08-11,5,139.95
3808,S001,P020,2026-08-11,6,449.94
3809,S002,P001,2026-08-11,2,119.98
3810,S002,P002,2026-08-11,2,79.98
3811,S002,P003,2026-08-11,6,539.94
3812,S002,P004,2026-08-11,2,39.98
3813,S002,P005,2026-08-11,4,119.96
3814,S002,P006,2026-08-11,9,1079.91
3815,S002,P007,2026-08-11,8,799.92
3816,S002,P008,2026-08-11,2,159.98
3817,S002,P009,2026-08-11,8,399.92
3818,S002,P010,2026-08-11,8,199.92
3819,S002,P011,2026-08-11,2,89.98
3820,S002,P012,2026-08-11,8,279.92
3821,S002,P013,2026-08-11,7,209.93
3822,S002,P014,2026-08-11,5,99.95
3823,S002,P015,2026-08-11,6,329.94
3824,S002,P016,2026-08-11,3,209.97
3825,S002,P017,2026-08-11,5,174.95
3826,S002,P018,2026-08-11,2,29.98
3827,S002,P019,2026-08-11,7,195.93
3828,S002,P020,2026-08-11,8,599.92
3829,S003,P001,2026-08-11,3,179.97
3830,S003,P002,2026-08-11,8,319.92
3831,S003,P003,2026-08-11,3,269.97
3832,S003,P004,2026-08-11,4,79.96
3833,S003,P005,2026-08-11,8,239.92
3834,S003,P006,2026-08-11,8,959.92
3835,S003,P007,2026-08-11,4,399.96
3836,S003,P009,2026-08-11,5,249.95
3837,S003,P010,2026-08-11,8,199.92
3838,S003,P011,2026-08-11,2,89.98
3839,S003,P012,2026-08-11,8,279.92
3840,S003,P013,2026-08-11,8,239.92
3841,S003,P014,2026-08-11,3,59.97
3842,S003,P015,2026-08-11,3,164.97
3843,S003,P016,2026-08-11,8,559.92
3844,S003,P017,2026-08-11,7,244.93
3845,S003,P018,2026-08-11,6,89.94
3846,S003,P019,2026-08-11,7,195.93
3847,S003,P020,2026-08-11,4,299.96
3848,S001,P001,2026-08-12,3,179.97
3849,S001,P002,2026-08-12,7,279.93
3850,S001,P003,2026-08-12,6,539.94
3851,S001,P004,2026-08-12,7,139.93
3852,S001,P005,2026-08-12,5,149.95
3853,S001,P006,2026-08-12,9,1079.91
3854,S001,P007,2026-08-12,3,299.97
3855,S001,P009,2026-08-12,8,399.92
3856,S001,P010,2026-08-12,3,74.97
3857,S001,P011,2026-08-12,8,359.92
3858,S001,P012,2026-08-12,2,69.98
3859,S001,P013,2026-08-12,6,179.94
3860,S001,P014,2026-08-12,4,79.96
3861,S001,P015,2026-08-12,6,329.94
3862,S001,P016,2026-08-12,4,279.96
3863,S001,P017,2026-08-12,6,209.94
3864,S001,P018,2026-08-12,6,89.94
3865,S001,P019,2026-08-12,3,83.97
3866,S001,P020,2026-08-12,4,299.96
3867,S002,P001,2026-08-12,3,179.97
3868,S002,P002,2026-08-12,4,159.96
3869,S002,P003,2026-08-12,4,359.96
3870,S002,P004,2026-08-12,6,119.94
3871,S002,P005,2026-08-12,4,119.96
3872,S002,P006,2026-08-12,9,1079.91
3873,S002,P007,2026-08-12,7,699.93
3874,S002,P009,2026-08-12,3,149.97
3875,S002,P010,2026-08-12,8,199.92
3876,S002,P011,2026-08-12,8,359.92
3877,S002,P012,2026-08-12,5,174.95
3878,S002,P013,2026-08-12,2,59.98
3879,S002,P014,2026-08-12,4,79.96
3880,S002,P015,2026-08-12,8,439.92
3881,S002,P016,2026-08-12,7,489.93
3882,S002,P017,2026-08-12,3,104.97
3883,S002,P018,2026-08-12,7,104.93
3884,S002,P019,2026-08-12,8,223.92
3885,S002,P020,2026-08-12,3,224.97
3886,S003,P001,2026-08-12,1,59.99
3887,S003,P002,2026-08-12,3,119.97
3888,S003,P003,2026-08-12,7,629.93
3889,S003,P004,2026-08-12,4,79.96
3890,S003,P005,2026-08-12,8,239.92
3891,S003,P006,2026-08-12,10,1199.9
3892,S003,P007,2026-08-12,5,499.95
3893,S003,P009,2026-08-12,6,299.94
3894,S003,P010,2026-08-12,7,174.93
3895,S003,P011,2026-08-12,4,179.96
3896,S003,P012,2026-08-12,7,244.93
3897,S003,P013,2026-08-12,5,149.95
3898,S003,P014,2026-08-12,5,99.95
3899,S003,P015,2026-08-12,5,274.95
3900,S003,P016,2026-08-12,2,139.98
3901,S003,P017,2026-08-12,7,244.93
3902,S003,P018,2026-08-12,8,119.92
3903,S003,P019,2026-08-12,8,223.92
3904,S003,P020,2026-08-12,2,149.98
3905,S001,P001,2026-08-13,2,119.98
3906,S001,P002,2026-08-13,6,239.94
3907,S001,P003,2026-08-13,7,629.93
3908,S001,P004,2026-08-13,4,79.96
3909,S001,P005,2026-08-13,7,209.93
3910,S001,P006,2026-08-13,8,959.92
3911,S001,P007,2026-08-13,5,499.95
3912,S001,P008,2026-08-13,2,159.98
3913,S001,P009,2026-08-13,2,99.98
3914,S001,P010,2026-08-13,8,199.92
3915,S001,P011,2026-08-13,8,359.92
3916,S001,P012,2026-08-13,8,279.92
3917,S001,P013,2026-08-13,7,209.93
3918,S001,P014,2026-08-13,2,39.98
3919,S001,P015,2026-08-13,7,384.93
3920,S001,P016,2026-08-13,5,349.95
3921,S001,P017,2026-08-13,7,244.93
3922,S001,P018,2026-08-13,7,104.93
3923,S001,P019,2026-08-13,7,195.93
3924,S001,P020,2026-08-13,4,299.96
3925,S002,P001,2026-08-13,3,179.97
3926,S002,P002,2026-08-13,2,79.98
3927,S002,P003,2026-08-13,8,719.92
3928,S002,P004,2026-08-13,6,119.94
3929,S002,P005,2026-08-13,5,149.95
3930,S002,P006,2026-08-13,8,959.92
3931,S002,P007,2026-08-13,8,799.92
3932,S002,P008,2026-08-13,1,79.99
3933,S002,P009,2026-08-13,4,199.96
3934,S002,P010,2026-08-13,4,99.96
3935,S002,P011,2026-08-13,8,359.92
3936,S002,P012,2026-08-13,4,139.96
3937,S002,P013,2026-08-13,4,119.96
3938,S002,P014,2026-08-13,6,119.94
3939,S002,P015,2026-08-13,6,329.94
3940,S002,P016,2026-08-13,3,209.97
3941,S002,P017,2026-08-13,6,209.94
3942,S002,P018,2026-08-13,8,119.92
3943,S002,P019,2026-08-13,5,139.95
3944,S002,P020,2026-08-13,8,599.92
3945,S003,P001,2026-08-13,1,59.99
3946,S003,P002,2026-08-13,7,279.93
3947,S003,P003,2026-08-13,8,719.92
3948,S003,P004,2026-08-13,2,39.98
3949,S003,P005,2026-08-13,2,59.98
3950,S003,P006,2026-08-13,10,1199.9
3951,S003,P007,2026-08-13,8,799.92
3952,S003,P008,2026-08-13,1,79.99
3953,S003,P009,2026-08-13,2,99.98
3954,S003,P010,2026-08-13,2,49.98
3955,S003,P011,2026-08-13,8,359.92
3956,S003,P012,2026-08-13,3,104.97
3957,S003,P013,2026-08-13,5,149.95
3958,S003,P014,2026-08-13,5,99.95
3959,S003,P015,2026-08-13,2,109.98
3960,S003,P016,2026-08-13,5,349.95
3961,S003,P017,2026-08-13,3,104.97
3962,S003,P018,2026-08-13,7,104.93
3963,S003,P019,2026-08-13,3,83.97
3964,S003,P020,2026-08-13,7,524.93
3965,S001,P001,2026-08-14,1,59.99
3966,S001,P002,2026-08-14,3,119.97
3967,S001,P003,2026-08-14,8,719.92
3968,S001,P004,2026-08-14,4,79.96
3969,S001,P005,2026-08-14,2,59.98
3970,S001,P006,2026-08-14,7,839.93
3971,S001,P007,2026-08-14,4,399.96
3972,S001,P008,2026-08-14,1,79.99
3973,S001,P009,2026-08-14,7,349.93
3974,S001,P010,2026-08-14,7,174.93
3975,S001,P011,2026-08-14,3,134.97
3976,S001,P012,2026-08-14,2,69.98
3977,S001,P013,2026-08-14,5,149.95
3978,S001,P014,2026-08-14,7,139.93
3979,S001,P015,2026-08-14,4,219.96
3980,S001,P016,2026-08-14,7,489.93
3981,S001,P017,2026-08-14,7,244.93
3982,S001,P018,2026-08-14,8,119.92
3983,S001,P019,2026-08-14,3,83.97
3984,S001,P020,2026-08-14,5,374.95
3985,S002,P001,2026-08-14,3,179.97
3986,S002,P002,2026-08-14,2,79.98
3987,S002,P003,2026-08-14,7,629.93
3988,S002,P004,2026-08-14,2,39.98
3989,S002,P005,2026-08-14,2,59.98
3990,S002,P006,2026-08-14,8,959.92
3991,S002,P007,2026-08-14,2,199.98
3992,S002,P008,2026-08-14,2,159.98
3993,S002,P009,2026-08-14,3,149.97
3994,S002,P010,2026-08-14,6,149.94
3995,S002,P011,2026-08-14,7,314.93
3996,S002,P012,2026-08-14,5,174.95
3997,S002,P013,2026-08-14,2,59.98
3998,S002,P014,2026-08-14,2,39.98
3999,S002,P015,2026-08-14,7,384.93
4000,S002,P016,2026-08-14,4,279.96
4001,S002,P017,2026-08-14,8,279.92
4002,S002,P018,2026-08-14,2,29.98
4003,S002,P019,2026-08-14,8,223.92
4004,S002,P020,2026-08-14,5,374.95
4005,S003,P001,2026-08-14,3,179.97
4006,S003,P002,2026-08-14,3,119.97
4007,S003,P003,2026-08-14,5,449.95
4008,S003,P004,2026-08-14,2,39.98
4009,S003,P005,2026-08-14,3,89.97
4010,S003,P006,2026-08-14,5,599.95
4011,S003,P007,2026-08-14,7,699.93
4012,S003,P009,2026-08-14,2,99.98
4013,S003,P010,2026-08-14,4,99.96
4014,S003,P011,2026-08-14,4,179.96
4015,S003,P012,2026-08-14,4,139.96
4016,S003,P013,2026-08-14,3,89.97
4017,S003,P014,2026-08-14,5,99.95
4018,S003,P015,2026-08-14,8,439.92
4019,S003,P016,2026-08-14,8,559.92
4020,S003,P017,2026-08-14,8,279.92
4021,S003,P018,2026-08-14,8,119.92
4022,S003,P019,2026-08-14,3,83.97
4023,S003,P020,2026-08-14,7,524.93
4024,S001,P001,2026-08-15,3,179.97
4025,S001,P002,2026-08-15,3,119.97
4026,S001,P003,2026-08-15,2,179.98
4027,S001,P004,2026-08-15,7,139.93
4028,S001,P005,2026-08-15,7,209.93
4029,S001,P006,2026-08-15,11,1319.89
4030,S001,P007,2026-08-15,8,799.92
4031,S001,P008,2026-08-15,1,79.99
4032,S001,P009,2026-08-15,5,249.95
4033,S001,P010,2026-08-15,8,199.92
4034,S001,P011,2026-08-15,3,134.97
4035,S001,P012,2026-08-15,8,279.92
4036,S001,P013,2026-08-15,8,239.92
4037,S001,P014,2026-08-15,3,59.97
4038,S001,P015,2026-08-15,6,329.94
4039,S001,P016,2026-08-15,7,489.93
4040,S001,P017,2026-08-15,8,279.92
4041,S001,P018,2026-08-15,6,89.94
4042,S001,P019,2026-08-15,10,279.9
4043,S001,P020,2026-08-15,3,224.97
4044,S002,P002,2026-08-15,2,79.98
4045,S002,P003,2026-08-15,3,269.97
4046,S002,P004,2026-08-15,10,199.9
4047,S002,P005,2026-08-15,2,59.98
4048,S002,P006,2026-08-15,12,1439.88
4049,S002,P007,2026-08-15,6,599.94
4050,S002,P008,2026-08-15,1,79.99
4051,S002,P009,2026-08-15,5,249.95
4052,S002,P010,2026-08-15,10,249.9
4053,S002,P011,2026-08-15,3,134.97
4054,S002,P012,2026-08-15,3,104.97
4055,S002,P013,2026-08-15,5,149.95
4056,S002,P014,2026-08-15,8,159.92
4057,S002,P015,2026-08-15,2,109.98
4058,S002,P016,2026-08-15,3,209.97
4059,S002,P017,2026-08-15,7,244.93
4060,S002,P018,2026-08-15,7,104.93
4061,S002,P019,2026-08-15,7,195.93
4062,S002,P020,2026-08-15,8,599.92
4063,S003,P001,2026-08-15,2,119.98
4064,S003,P002,2026-08-15,5,199.95
4065,S003,P003,2026-08-15,10,899.9
4066,S003,P004,2026-08-15,8,159.92
4067,S003,P005,2026-08-15,2,59.98
4068,S003,P006,2026-08-15,12,1439.88
4069,S003,P007,2026-08-15,5,499.95
4070,S003,P008,2026-08-15,2,159.98
4071,S003,P009,2026-08-15,7,349.93
4072,S003,P010,2026-08-15,7,174.93
4073,S003,P011,2026-08-15,3,134.97
4074,S003,P012,2026-08-15,8,279.92
4075,S003,P013,2026-08-15,6,179.94
4076,S003,P014,2026-08-15,5,99.95
4077,S003,P015,2026-08-15,8,439.92
4078,S003,P016,2026-08-15,2,139.98
4079,S003,P017,2026-08-15,10,349.9
4080,S003,P018,2026-08-15,10,149.9
4081,S003,P019,2026-08-15,3,83.97
4082,S003,P020,2026-08-15,6,449.94
4083,S001,P001,2026-08-16,2,119.98
4084,S001,P002,2026-08-16,2,79.98
4085,S001,P003,2026-08-16,3,269.97
4086,S001,P004,2026-08-16,6,119.94
4087,S001,P005,2026-08-16,8,239.92
4088,S001,P006,2026-08-16,6,719.94
4089,S001,P007,2026-08-16,7,699.93
4090,S001,P008,2026-08-16,1,79.99
4091,S001,P009,2026-08-16,5,249.95
4092,S001,P010,2026-08-16,3,74.97
4093,S001,P011,2026-08-16,6,269.94
4094,S001,P012,2026-08-16,10,349.9
4095,S001,P013,2026-08-16,10,299.9
4096,S001,P014,2026-08-16,7,139.93
4097,S001,P015,2026-08-16,6,329.94
4098,S001,P016,2026-08-16,5,349.95
4099,S001,P017,2026-08-16,7,244.93
4100,S001,P018,2026-08-16,8,119.92
4101,S001,P019,2026-08-16,3,83.97
4102,S001,P020,2026-08-16,10,749.9
4103,S002,P001,2026-08-16,2,119.98
4104,S002,P002,2026-08-16,10,399.9
4105,S002,P003,2026-08-16,2,179.98
4106,S002,P004,2026-08-16,2,39.98
4107,S002,P005,2026-08-16,7,209.93
4108,S002,P006,2026-08-16,6,719.94
4109,S002,P007,2026-08-16,5,499.95
4110,S002,P009,2026-08-16,2,99.98
4111,S002,P010,2026-08-16,10,249.9
4112,S002,P011,2026-08-16,6,269.94
4113,S002,P012,2026-08-16,7,244.93
4114,S002,P013,2026-08-16,5,149.95
4115,S002,P014,2026-08-16,8,159.92
4116,S002,P015,2026-08-16,8,439.92
4117,S002,P016,2026-08-16,7,489.93
4118,S002,P017,2026-08-16,10,349.9
4119,S002,P018,2026-08-16,6,89.94
4120,S002,P019,2026-08-16,6,167.94
4121,S002,P020,2026-08-16,8,599.92
4122,S003,P001,2026-08-16,2,119.98
4123,S003,P002,2026-08-16,2,79.98
4124,S003,P003,2026-08-16,8,719.92
4125,S003,P004,2026-08-16,7,139.93
4126,S003,P005,2026-08-16,7,209.93
4127,S003,P006,2026-08-16,7,839.93
4128,S003,P007,2026-08-16,5,499.95
4129,S003,P008,2026-08-16,1,79.99
4130,S003,P009,2026-08-16,2,99.98
4131,S003,P010,2026-08-16,7,174.93
4132,S003,P011,2026-08-16,3,134.97
4133,S003,P012,2026-08-16,10,349.9
4134,S003,P013,2026-08-16,3,89.97
4135,S003,P014,2026-08-16,7,139.93
4136,S003,P015,2026-08-16,5,274.95
4137,S003,P016,2026-08-16,6,419.94
4138,S003,P017,2026-08-16,7,244.93
4139,S003,P018,2026-08-16,8,119.92
4140,S003,P019,2026-08-16,10,279.9
4141,S003,P020,2026-08-16,10,749.9
4142,S001,P001,2026-08-17,3,179.97
4143,S001,P002,2026-08-17,7,279.93
4144,S001,P003,2026-08-17,7,629.93
4145,S001,P004,2026-08-17,2,39.98
4146,S001,P005,2026-08-17,4,119.96
4147,S001,P006,2026-08-17,8,959.92
4148,S001,P007,2026-08-17,7,699.93
4149,S001,P009,2026-08-17,2,99.98
4150,S001,P010,2026-08-17,3,74.97
4151,S001,P011,2026-08-17,2,89.98
4152,S001,P012,2026-08-17,5,174.95
4153,S001,P013,2026-08-17,2,59.98
4154,S001,P014,2026-08-17,5,99.95
4155,S001,P015,2026-08-17,6,329.94
4156,S001,P016,2026-08-17,6,419.94
4157,S001,P017,2026-08-17,2,69.98
4158,S001,P018,2026-08-17,4,59.96
4159,S001,P019,2026-08-17,7,195.93
4160,S001,P020,2026-08-17,7,524.93
4161,S002,P001,2026-08-17,3,179.97
4162,S002,P002,2026-08-17,7,279.93
4163,S002,P003,2026-08-17,3,269.97
4164,S002,P004,2026-08-17,2,39.98
4165,S002,P005,2026-08-17,2,59.98
4166,S002,P006,2026-08-17,6,719.94
4167,S002,P007,2026-08-17,7,699.93
4168,S002,P009,2026-08-17,5,249.95
4169,S002,P010,2026-08-17,4,99.96
4170,S002,P011,2026-08-17,6,269.94
4171,S002,P012,2026-08-17,6,209.94
4172,S002,P013,2026-08-17,8,239.92
4173,S002,P014,2026-08-17,8,159.92
4174,S002,P015,2026-08-17,7,384.93
4175,S002,P016,2026-08-17,4,279.96
4176,S002,P017,2026-08-17,3,104.97
4177,S002,P018,2026-08-17,4,59.96
4178,S002,P019,2026-08-17,3,83.97
4179,S002,P020,2026-08-17,7,524.93
4180,S003,P001,2026-08-17,3,179.97
4181,S003,P002,2026-08-17,8,319.92
4182,S003,P003,2026-08-17,4,359.96
4183,S003,P004,2026-08-17,7,139.93
4184,S003,P005,2026-08-17,2,59.98
4185,S003,P006,2026-08-17,5,599.95
4186,S003,P007,2026-08-17,4,399.96
4187,S003,P008,2026-08-17,1,79.99
4188,S003,P009,2026-08-17,4,199.96
4189,S003,P010,2026-08-17,6,149.94
4190,S003,P011,2026-08-17,2,89.98
4191,S003,P012,2026-08-17,4,139.96
4192,S003,P013,2026-08-17,7,209.93
4193,S003,P014,2026-08-17,6,119.94
4194,S003,P015,2026-08-17,7,384.93
4195,S003,P016,2026-08-17,2,139.98
4196,S003,P017,2026-08-17,5,174.95
4197,S003,P018,2026-08-17,5,74.95
4198,S003,P019,2026-08-17,6,167.94
4199,S003,P020,2026-08-17,4,299.96
4200,S001,P002,2026-08-18,5,199.95
4201,S001,P003,2026-08-18,8,719.92
4202,S001,P004,2026-08-18,6,119.94
4203,S001,P005,2026-08-18,3,89.97
4204,S001,P006,2026-08-18,6,719.94
4205,S001,P007,2026-08-18,4,399.96
4206,S001,P009,2026-08-18,6,299.94
4207,S001,P010,2026-08-18,7,174.93
4208,S001,P011,2026-08-18,7,314.93
4209,S001,P012,2026-08-18,2,69.98
4210,S001,P013,2026-08-18,3,89.97
4211,S001,P014,2026-08-18,7,139.93
4212,S001,P015,2026-08-18,6,329.94
4213,S001,P016,2026-08-18,2,139.98
4214,S001,P017,2026-08-18,2,69.98
4215,S001,P018,2026-08-18,8,119.92
4216,S001,P019,2026-08-18,8,223.92
4217,S001,P020,2026-08-18,2,149.98
4218,S002,P001,2026-08-18,1,59.99
4219,S002,P002,2026-08-18,2,79.98
4220,S002,P003,2026-08-18,5,449.95
4221,S002,P004,2026-08-18,4,79.96
4222,S002,P005,2026-08-18,5,149.95
4223,S002,P006,2026-08-18,6,719.94
4224,S002,P007,2026-08-18,8,799.92
4225,S002,P008,2026-08-18,2,159.98
4226,S002,P009,2026-08-18,8,399.92
4227,S002,P010,2026-08-18,7,174.93
4228,S002,P011,2026-08-18,7,314.93
4229,S002,P012,2026-08-18,7,244.93
4230,S002,P013,2026-08-18,5,149.95
4231,S002,P014,2026-08-18,3,59.97
4232,S002,P015,2026-08-18,4,219.96
4233,S002,P016,2026-08-18,3,209.97
4234,S002,P017,2026-08-18,5,174.95
4235,S002,P018,2026-08-18,7,104.93
4236,S002,P019,2026-08-18,4,111.96
4237,S002,P020,2026-08-18,4,299.96
4238,S003,P001,2026-08-18,3,179.97
4239,S003,P002,2026-08-18,2,79.98
4240,S003,P003,2026-08-18,6,539.94
4241,S003,P004,2026-08-18,4,79.96
4242,S003,P005,2026-08-18,2,59.98
4243,S003,P006,2026-08-18,10,1199.9
4244,S003,P007,2026-08-18,2,199.98
4245,S003,P009,2026-08-18,8,399.92
4246,S003,P010,2026-08-18,6,149.94
4247,S003,P011,2026-08-18,2,89.98
4248,S003,P012,2026-08-18,5,174.95
4249,S003,P013,2026-08-18,2,59.98
4250,S003,P014,2026-08-18,5,99.95
4251,S003,P015,2026-08-18,8,439.92
4252,S003,P016,2026-08-18,4,279.96
4253,S003,P017,2026-08-18,8,279.92
4254,S003,P018,2026-08-18,8,119.92
4255,S003,P019,2026-08-18,4,111.96
4256,S003,P020,2026-08-18,4,299.96
4257,S001,P002,2026-08-19,6,239.94
4258,S001,P003,2026-08-19,5,449.95
4259,S001,P004,2026-08-19,2,39.98
4260,S001,P005,2026-08-19,4,119.96
4261,S001,P006,2026-08-19,7,839.93
4262,S001,P007,2026-08-19,6,599.94
4263,S001,P008,2026-08-19,1,79.99
4264,S001,P009,2026-08-19,7,349.93
4265,S001,P010,2026-08-19,6,149.94
4266,S001,P011,2026-08-19,3,134.97
4267,S001,P012,2026-08-19,5,174.95
4268,S001,P013,2026-08-19,4,119.96
4269,S001,P014,2026-08-19,6,119.94
4270,S001,P015,2026-08-19,5,274.95
4271,S001,P016,2026-08-19,8,559.92
4272,S001,P017,2026-08-19,8,279.92
4273,S001,P018,2026-08-19,3,44.97
4274,S001,P019,2026-08-19,7,195.93
4275,S001,P020,2026-08-19,6,449.94
4276,S002,P001,2026-08-19,3,179.97
4277,S002,P002,2026-08-19,8,319.92
4278,S002,P003,2026-08-19,3,269.97
4279,S002,P004,2026-08-19,3,59.97
4280,S002,P005,2026-08-19,2,59.98
4281,S002,P006,2026-08-19,5,599.95
4282,S002,P007,2026-08-19,3,299.97
4283,S002,P008,2026-08-19,1,79.99
4284,S002,P009,2026-08-19,7,349.93
4285,S002,P010,2026-08-19,8,199.92
4286,S002,P011,2026-08-19,7,314.93
4287,S002,P012,2026-08-19,2,69.98
4288,S002,P013,2026-08-19,4,119.96
4289,S002,P014,2026-08-19,2,39.98
4290,S002,P015,2026-08-19,8,439.92
4291,S002,P016,2026-08-19,7,489.93
4292,S002,P017,2026-08-19,5,174.95
4293,S002,P018,2026-08-19,8,119.92
4294,S002,P019,2026-08-19,7,195.93
4295,S002,P020,2026-08-19,7,524.93
4296,S003,P001,2026-08-19,1,59.99
4297,S003,P002,2026-08-19,2,79.98
4298,S003,P003,2026-08-19,3,269.97
4299,S003,P004,2026-08-19,6,119.94
4300,S003,P005,2026-08-19,3,89.97
4301,S003,P006,2026-08-19,8,959.92
4302,S003,P007,2026-08-19,2,199.98
4303,S003,P008,2026-08-19,2,159.98
4304,S003,P009,2026-08-19,4,199.96
4305,S003,P010,2026-08-19,2,49.98
4306,S003,P011,2026-08-19,2,89.98
4307,S003,P012,2026-08-19,3,104.97
4308,S003,P013,2026-08-19,8,239.92
4309,S003,P014,2026-08-19,6,119.94
4310,S003,P015,2026-08-19,5,274.95
4311,S003,P016,2026-08-19,7,489.93
4312,S003,P017,2026-08-19,4,139.96
4313,S003,P018,2026-08-19,5,74.95
4314,S003,P019,2026-08-19,7,195.93
4315,S003,P020,2026-08-19,2,149.98
4316,S001,P001,2026-08-20,2,119.98
4317,S001,P002,2026-08-20,2,79.98
4318,S001,P003,2026-08-20,6,539.94
4319,S001,P004,2026-08-20,3,59.97
4320,S001,P005,2026-08-20,7,209.93
4321,S001,P006,2026-08-20,8,959.92
4322,S001,P007,2026-08-20,2,199.98
4323,S001,P008,2026-08-20,2,159.98
4324,S001,P009,2026-08-20,2,99.98
4325,S001,P010,2026-08-20,5,124.95
4326,S001,P011,2026-08-20,7,314.93
4327,S001,P012,2026-08-20,3,104.97
4328,S001,P013,2026-08-20,3,89.97
4329,S001,P014,2026-08-20,4,79.96
4330,S001,P015,2026-08-20,4,219.96
4331,S001,P016,2026-08-20,8,559.92
4332,S001,P017,2026-08-20,4,139.96
4333,S001,P018,2026-08-20,8,119.92
4334,S001,P019,2026-08-20,5,139.95
4335,S001,P020,2026-08-20,7,524.93
4336,S002,P001,2026-08-20,3,179.97
4337,S002,P002,2026-08-20,7,279.93
4338,S002,P003,2026-08-20,4,359.96
4339,S002,P004,2026-08-20,4,79.96
4340,S002,P005,2026-08-20,5,149.95
4341,S002,P006,2026-08-20,6,719.94
4342,S002,P007,2026-08-20,2,199.98
4343,S002,P009,2026-08-20,8,399.92
4344,S002,P010,2026-08-20,8,199.92
4345,S002,P011,2026-08-20,6,269.94
4346,S002,P012,2026-08-20,2,69.98
4347,S002,P013,2026-08-20,3,89.97
4348,S002,P014,2026-08-20,2,39.98
4349,S002,P015,2026-08-20,3,164.97
4350,S002,P016,2026-08-20,5,349.95
4351,S002,P017,2026-08-20,5,174.95
4352,S002,P018,2026-08-20,4,59.96
4353,S002,P019,2026-08-20,5,139.95
4354,S002,P020,2026-08-20,2,149.98
4355,S003,P001,2026-08-20,2,119.98
4356,S003,P002,2026-08-20,4,159.96
4357,S003,P003,2026-08-20,8,719.92
4358,S003,P004,2026-08-20,3,59.97
4359,S003,P005,2026-08-20,5,149.95
4360,S003,P006,2026-08-20,8,959.92
4361,S003,P007,2026-08-20,4,399.96
4362,S003,P009,2026-08-20,2,99.98
4363,S003,P010,2026-08-20,3,74.97
4364,S003,P011,2026-08-20,8,359.92
4365,S003,P012,2026-08-20,7,244.93
4366,S003,P013,2026-08-20,4,119.96
4367,S003,P014,2026-08-20,8,159.92
4368,S003,P015,2026-08-20,7,384.93
4369,S003,P016,2026-08-20,7,489.93
4370,S003,P017,2026-08-20,6,209.94
4371,S003,P018,2026-08-20,2,29.98
4372,S003,P019,2026-08-20,3,83.97
4373,S003,P020,2026-08-20,8,599.92
4374,S001,P001,2026-08-21,3,179.97
4375,S001,P002,2026-08-21,4,159.96
4376,S001,P003,2026-08-21,3,269.97
4377,S001,P004,2026-08-21,2,39.98
4378,S001,P005,2026-08-21,7,209.93
4379,S001,P006,2026-08-21,7,839.93
4380,S001,P007,2026-08-21,5,499.95
4381,S001,P009,2026-08-21,7,349.93
4382,S001,P010,2026-08-21,4,99.96
4383,S001,P011,2026-08-21,4,179.96
4384,S001,P012,2026-08-21,8,279.92
4385,S001,P013,2026-08-21,3,89.97
4386,S001,P014,2026-08-21,2,39.98
4387,S001,P015,2026-08-21,5,274.95
4388,S001,P016,2026-08-21,8,559.92
4389,S001,P017,2026-08-21,5,174.95
4390,S001,P018,2026-08-21,6,89.94
4391,S001,P019,2026-08-21,7,195.93
4392,S001,P020,2026-08-21,6,449.94
4393,S002,P001,2026-08-21,1,59.99
4394,S002,P002,2026-08-21,2,79.98
4395,S002,P003,2026-08-21,5,449.95
4396,S002,P004,2026-08-21,2,39.98
4397,S002,P005,2026-08-21,8,239.92
4398,S002,P006,2026-08-21,6,719.94
4399,S002,P007,2026-08-21,2,199.98
4400,S002,P009,2026-08-21,8,399.92
4401,S002,P010,2026-08-21,8,199.92
4402,S002,P011,2026-08-21,3,134.97
4403,S002,P012,2026-08-21,3,104.97
4404,S002,P013,2026-08-21,3,89.97
4405,S002,P014,2026-08-21,8,159.92
4406,S002,P015,2026-08-21,5,274.95
4407,S002,P016,2026-08-21,4,279.96
4408,S002,P017,2026-08-21,7,244.93
4409,S002,P018,2026-08-21,7,104.93
4410,S002,P019,2026-08-21,7,195.93
4411,S002,P020,2026-08-21,2,149.98
4412,S003,P001,2026-08-21,2,119.98
4413,S003,P002,2026-08-21,6,239.94
4414,S003,P003,2026-08-21,4,359.96
4415,S003,P004,2026-08-21,8,159.92
4416,S003,P005,2026-08-21,2,59.98
4417,S003,P006,2026-08-21,5,599.95
4418,S003,P007,2026-08-21,3,299.97
4419,S003,P008,2026-08-21,1,79.99
4420,S003,P009,2026-08-21,8,399.92
4421,S003,P010,2026-08-21,3,74.97
4422,S003,P011,2026-08-21,2,89.98
4423,S003,P012,2026-08-21,8,279.92
4424,S003,P013,2026-08-21,8,239.92
4425,S003,P014,2026-08-21,8,159.92
4426,S003,P015,2026-08-21,4,219.96
4427,S003,P016,2026-08-21,2,139.98
4428,S003,P017,2026-08-21,2,69.98
4429,S003,P018,2026-08-21,5,74.95
4430,S003,P019,2026-08-21,2,55.98
4431,S003,P020,2026-08-21,3,224.97
4432,S001,P001,2026-08-22,2,119.98
4433,S001,P002,2026-08-22,6,239.94
4434,S001,P003,2026-08-22,10,899.9
4435,S001,P004,2026-08-22,8,159.92
4436,S001,P005,2026-08-22,6,179.94
4437,S001,P006,2026-08-22,6,719.94
4438,S001,P007,2026-08-22,6,599.94
4439,S001,P008,2026-08-22,1,79.99
4440,S001,P009,2026-08-22,3,149.97
4441,S001,P010,2026-08-22,5,124.95
4442,S001,P011,2026-08-22,3,134.97
4443,S001,P012,2026-08-22,3,104.97
4444,S001,P013,2026-08-22,5,149.95
4445,S001,P014,2026-08-22,5,99.95
4446,S001,P015,2026-08-22,6,329.94
4447,S001,P016,2026-08-22,3,209.97
4448,S001,P017,2026-08-22,2,69.98
4449,S001,P018,2026-08-22,7,104.93
4450,S001,P019,2026-08-22,7,195.93
4451,S001,P020,2026-08-22,7,524.93
4452,S002,P001,2026-08-22,1,59.99
4453,S002,P002,2026-08-22,8,319.92
4454,S002,P003,2026-08-22,5,449.95
4455,S002,P004,2026-08-22,6,119.94
4456,S002,P005,2026-08-22,6,179.94
4457,S002,P006,2026-08-22,10,1199.9
4458,S002,P007,2026-08-22,2,199.98
4459,S002,P008,2026-08-22,1,79.99
4460,S002,P009,2026-08-22,6,299.94
4461,S002,P010,2026-08-22,3,74.97
4462,S002,P011,2026-08-22,6,269.94
4463,S002,P012,2026-08-22,3,104.97
4464,S002,P013,2026-08-22,8,239.92
4465,S002,P014,2026-08-22,10,199.9
4466,S002,P015,2026-08-22,7,384.93
4467,S002,P016,2026-08-22,3,209.97
4468,S002,P017,2026-08-22,8,279.92
4469,S002,P018,2026-08-22,10,149.9
4470,S002,P019,2026-08-22,7,195.93
4471,S002,P020,2026-08-22,10,749.9
4472,S003,P002,2026-08-22,6,239.94
4473,S003,P003,2026-08-22,10,899.9
4474,S003,P004,2026-08-22,8,159.92
4475,S003,P005,2026-08-22,5,149.95
4476,S003,P006,2026-08-22,11,1319.89
4477,S003,P007,2026-08-22,10,999.9
4478,S003,P008,2026-08-22,1,79.99
4479,S003,P009,2026-08-22,7,349.93
4480,S003,P010,2026-08-22,7,174.93
4481,S003,P011,2026-08-22,5,224.95
4482,S003,P012,2026-08-22,6,209.94
4483,S003,P013,2026-08-22,5,149.95
4484,S003,P014,2026-08-22,3,59.97
4485,S003,P015,2026-08-22,2,109.98
4486,S003,P016,2026-08-22,5,349.95
4487,S003,P017,2026-08-22,7,244.93
4488,S003,P018,2026-08-22,3,44.97
4489,S003,P019,2026-08-22,2,55.98
4490,S003,P020,2026-08-22,10,749.9
4491,S001,P001,2026-08-23,3,179.97
4492,S001,P002,2026-08-23,5,199.95
4493,S001,P003,2026-08-23,2,179.98
4494,S001,P004,2026-08-23,10,199.9
4495,S001,P005,2026-08-23,6,179.94
4496,S001,P006,2026-08-23,8,959.92
4497,S001,P007,2026-08-23,10,999.9
4498,S001,P009,2026-08-23,3,149.97
4499,S001,P010,2026-08-23,2,49.98
4500,S001,P011,2026-08-23,3,134.97
4501,S001,P012,2026-08-23,8,279.92
4502,S001,P013,2026-08-23,3,89.97
4503,S001,P014,2026-08-23,5,99.95
4504,S001,P015,2026-08-23,7,384.93
4505,S001,P016,2026-08-23,10,699.9
4506,S001,P017,2026-08-23,10,349.9
4507,S001,P018,2026-08-23,8,119.92
4508,S001,P019,2026-08-23,2,55.98
4509,S001,P020,2026-08-23,10,749.9
4510,S002,P001,2026-08-23,1,59.99
4511,S002,P002,2026-08-23,7,279.93
4512,S002,P003,2026-08-23,10,899.9
4513,S002,P004,2026-08-23,10,199.9
4514,S002,P005,2026-08-23,6,179.94
4515,S002,P006,2026-08-23,7,839.93
4516,S002,P007,2026-08-23,3,299.97
4517,S002,P008,2026-08-23,2,159.98
4518,S002,P009,2026-08-23,5,249.95
4519,S002,P010,2026-08-23,10,249.9
4520,S002,P011,2026-08-23,8,359.92
4521,S002,P012,2026-08-23,8,279.92
4522,S002,P013,2026-08-23,5,149.95
4523,S002,P014,2026-08-23,7,139.93
4524,S002,P015,2026-08-23,2,109.98
4525,S002,P016,2026-08-23,8,559.92
4526,S002,P017,2026-08-23,8,279.92
4527,S002,P018,2026-08-23,5,74.95
4528,S002,P019,2026-08-23,7,195.93
4529,S002,P020,2026-08-23,7,524.93
4530,S003,P001,2026-08-23,1,59.99
4531,S003,P002,2026-08-23,7,279.93
4532,S003,P003,2026-08-23,3,269.97
4533,S003,P004,2026-08-23,10,199.9
4534,S003,P005,2026-08-23,10,299.9
4535,S003,P006,2026-08-23,11,1319.89
4536,S003,P007,2026-08-23,5,499.95
4537,S003,P008,2026-08-23,1,79.99
4538,S003,P009,2026-08-23,2,99.98
4539,S003,P010,2026-08-23,2,49.98
4540,S003,P011,2026-08-23,2,89.98
4541,S003,P012,2026-08-23,3,104.97
4542,S003,P013,2026-08-23,7,209.93
4543,S003,P014,2026-08-23,3,59.97
4544,S003,P015,2026-08-23,2,109.98
4545,S003,P016,2026-08-23,7,489.93
4546,S003,P017,2026-08-23,6,209.94
4547,S003,P018,2026-08-23,2,29.98
4548,S003,P019,2026-08-23,5,139.95
4549,S003,P020,2026-08-23,7,524.93
4550,S001,P001,2026-08-24,1,59.99
4551,S001,P002,2026-08-24,8,319.92
4552,S001,P003,2026-08-24,3,269.97
4553,S001,P004,2026-08-24,4,79.96
4554,S001,P005,2026-08-24,7,209.93
4555,S001,P006,2026-08-24,7,839.93
4556,S001,P007,2026-08-24,2,199.98
4557,S001,P009,2026-08-24,6,299.94
4558,S001,P010,2026-08-24,7,174.93
4559,S001,P011,2026-08-24,3,134.97
4560,S001,P012,2026-08-24,8,279.92
4561,S001,P013,2026-08-24,2,59.98
4562,S001,P014,2026-08-24,8,159.92
4563,S001,P015,2026-08-24,6,329.94
4564,S001,P016,2026-08-24,8,559.92
4565,S001,P017,2026-08-24,4,139.96
4566,S001,P018,2026-08-24,2,29.98
4567,S001,P019,2026-08-24,4,111.96
4568,S001,P020,2026-08-24,7,524.93
4569,S002,P001,2026-08-24,3,179.97
4570,S002,P002,2026-08-24,5,199.95
4571,S002,P003,2026-08-24,6,539.94
4572,S002,P004,2026-08-24,2,39.98
4573,S002,P005,2026-08-24,4,119.96
4574,S002,P006,2026-08-24,7,839.93
4575,S002,P007,2026-08-24,3,299.97
4576,S002,P008,2026-08-24,2,159.98
4577,S002,P009,2026-08-24,5,249.95
4578,S002,P010,2026-08-24,8,199.92
4579,S002,P011,2026-08-24,7,314.93
4580,S002,P012,2026-08-24,5,174.95
4581,S002,P013,2026-08-24,7,209.93
4582,S002,P014,2026-08-24,4,79.96
4583,S002,P015,2026-08-24,3,164.97
4584,S002,P016,2026-08-24,7,489.93
4585,S002,P017,2026-08-24,6,209.94
4586,S002,P018,2026-08-24,7,104.93
4587,S002,P019,2026-08-24,6,167.94
4588,S002,P020,2026-08-24,8,599.92
4589,S003,P001,2026-08-24,1,59.99
4590,S003,P002,2026-08-24,3,119.97
4591,S003,P003,2026-08-24,7,629.93
4592,S003,P004,2026-08-24,6,119.94
4593,S003,P005,2026-08-24,8,239.92
4594,S003,P006,2026-08-24,8,959.92
4595,S003,P007,2026-08-24,4,399.96
4596,S003,P008,2026-08-24,2,159.98
4597,S003,P009,2026-08-24,4,199.96
4598,S003,P010,2026-08-24,3,74.97
4599,S003,P011,2026-08-24,3,134.97
4600,S003,P012,2026-08-24,7,244.93
4601,S003,P013,2026-08-24,2,59.98
4602,S003,P014,2026-08-24,7,139.93
4603,S003,P015,2026-08-24,6,329.94
4604,S003,P016,2026-08-24,5,349.95
4605,S003,P017,2026-08-24,8,279.92
4606,S003,P018,2026-08-24,8,119.92
4607,S003,P019,2026-08-24,6,167.94
4608,S003,P020,2026-08-24,2,149.98
4609,S001,P001,2026-08-25,1,59.99
4610,S001,P002,2026-08-25,6,239.94
4611,S001,P003,2026-08-25,4,359.96
4612,S001,P004,2026-08-25,8,159.92
4613,S001,P005,2026-08-25,6,179.94
4614,S001,P006,2026-08-25,10,1199.9
4615,S001,P007,2026-08-25,6,599.94
4616,S001,P008,2026-08-25,1,79.99
4617,S001,P009,2026-08-25,3,149.97
4618,S001,P010,2026-08-25,4,99.96
4619,S001,P011,2026-08-25,7,314.93
4620,S001,P012,2026-08-25,2,69.98
4621,S001,P013,2026-08-25,3,89.97
4622,S001,P014,2026-08-25,4,79.96
4623,S001,P015,2026-08-25,4,219.96
4624,S001,P016,2026-08-25,3,209.97
4625,S001,P017,2026-08-25,7,244.93
4626,S001,P018,2026-08-25,2,29.98
4627,S001,P019,2026-08-25,8,223.92
4628,S001,P020,2026-08-25,7,524.93
4629,S002,P001,2026-08-25,3,179.97
4630,S002,P002,2026-08-25,7,279.93
4631,S002,P003,2026-08-25,7,629.93
4632,S002,P004,2026-08-25,4,79.96
4633,S002,P005,2026-08-25,5,149.95
4634,S002,P006,2026-08-25,7,839.93
4635,S002,P007,2026-08-25,3,299.97
4636,S002,P008,2026-08-25,2,159.98
4637,S002,P009,2026-08-25,2,99.98
4638,S002,P010,2026-08-25,4,99.96
4639,S002,P011,2026-08-25,4,179.96
4640,S002,P012,2026-08-25,8,279.92
4641,S002,P013,2026-08-25,2,59.98
4642,S002,P014,2026-08-25,7,139.93
4643,S002,P015,2026-08-25,2,109.98
4644,S002,P016,2026-08-25,2,139.98
4645,S002,P017,2026-08-25,5,174.95
4646,S002,P018,2026-08-25,5,74.95
4647,S002,P019,2026-08-25,7,195.93
4648,S002,P020,2026-08-25,5,374.95
4649,S003,P001,2026-08-25,1,59.99
4650,S003,P002,2026-08-25,5,199.95
4651,S003,P003,2026-08-25,5,449.95
4652,S003,P004,2026-08-25,5,99.95
4653,S003,P005,2026-08-25,4,119.96
4654,S003,P006,2026-08-25,8,959.92
4655,S003,P007,2026-08-25,2,199.98
4656,S003,P008,2026-08-25,1,79.99
4657,S003,P009,2026-08-25,8,399.92
4658,S003,P010,2026-08-25,8,199.92
4659,S003,P011,2026-08-25,6,269.94
4660,S003,P012,2026-08-25,7,244.93
4661,S003,P013,2026-08-25,8,239.92
4662,S003,P014,2026-08-25,7,139.93
4663,S003,P015,2026-08-25,3,164.97
4664,S003,P016,2026-08-25,3,209.97
4665,S003,P017,2026-08-25,5,174.95
4666,S003,P018,2026-08-25,2,29.98
4667,S003,P019,2026-08-25,8,223.92
4668,S003,P020,2026-08-25,8,599.92
4669,S001,P002,2026-08-26,4,159.96
4670,S001,P003,2026-08-26,2,179.98
4671,S001,P004,2026-08-26,4,79.96
4672,S001,P005,2026-08-26,4,119.96
4673,S001,P006,2026-08-26,5,599.95
4674,S001,P007,2026-08-26,4,399.96
4675,S001,P008,2026-08-26,1,79.99
4676,S001,P009,2026-08-26,3,149.97
4677,S001,P010,2026-08-26,7,174.93
4678,S001,P011,2026-08-26,2,89.98
4679,S001,P012,2026-08-26,6,209.94
4680,S001,P013,2026-08-26,2,59.98
4681,S001,P014,2026-08-26,4,79.96
4682,S001,P015,2026-08-26,6,329.94
4683,S001,P016,2026-08-26,6,419.94
4684,S001,P017,2026-08-26,5,174.95
4685,S001,P018,2026-08-26,7,104.93
4686,S001,P019,2026-08-26,2,55.98
4687,S001,P020,2026-08-26,5,374.95
4688,S002,P001,2026-08-26,3,179.97
4689,S002,P002,2026-08-26,3,119.97
4690,S002,P003,2026-08-26,6,539.94
4691,S002,P004,2026-08-26,5,99.95
4692,S002,P005,2026-08-26,3,89.97
4693,S002,P006,2026-08-26,5,599.95
4694,S002,P007,2026-08-26,4,399.96
4695,S002,P009,2026-08-26,5,249.95
4696,S002,P010,2026-08-26,7,174.93
4697,S002,P011,2026-08-26,6,269.94
4698,S002,P012,2026-08-26,7,244.93
4699,S002,P013,2026-08-26,7,209.93
4700,S002,P014,2026-08-26,6,119.94
4701,S002,P015,2026-08-26,4,219.96
4702,S002,P016,2026-08-26,7,489.93
4703,S002,P017,2026-08-26,4,139.96
4704,S002,P018,2026-08-26,4,59.96
4705,S002,P019,2026-08-26,3,83.97
4706,S002,P020,2026-08-26,2,149.98
4707,S003,P002,2026-08-26,5,199.95
4708,S003,P003,2026-08-26,6,539.94
4709,S003,P004,2026-08-26,6,119.94
4710,S003,P005,2026-08-26,8,239.92
4711,S003,P006,2026-08-26,6,719.94
4712,S003,P007,2026-08-26,2,199.98
4713,S003,P009,2026-08-26,5,249.95
4714,S003,P010,2026-08-26,2,49.98
4715,S003,P011,2026-08-26,4,179.96
4716,S003,P012,2026-08-26,8,279.92
4717,S003,P013,2026-08-26,7,209.93
4718,S003,P014,2026-08-26,7,139.93
4719,S003,P015,2026-08-26,6,329.94
4720,S003,P016,2026-08-26,5,349.95
4721,S003,P017,2026-08-26,3,104.97
4722,S003,P018,2026-08-26,2,29.98
4723,S003,P019,2026-08-26,2,55.98
4724,S003,P020,2026-08-26,3,224.97
4725,S001,P001,2026-08-27,1,59.99
4726,S001,P002,2026-08-27,7,279.93
4727,S001,P003,2026-08-27,4,359.96
4728,S001,P004,2026-08-27,2,39.98
4729,S001,P005,2026-08-27,5,149.95
4730,S001,P006,2026-08-27,5,599.95
4731,S001,P007,2026-08-27,4,399.96
4732,S001,P008,2026-08-27,1,79.99
4733,S001,P009,2026-08-27,5,249.95
4734,S001,P010,2026-08-27,5,124.95
4735,S001,P011,2026-08-27,7,314.93
4736,S001,P012,2026-08-27,4,139.96
4737,S001,P013,2026-08-27,2,59.98
4738,S001,P014,2026-08-27,7,139.93
4739,S001,P015,2026-08-27,6,329.94
4740,S001,P016,2026-08-27,5,349.95
4741,S001,P017,2026-08-27,3,104.97
4742,S001,P018,2026-08-27,4,59.96
4743,S001,P019,2026-08-27,5,139.95
4744,S001,P020,2026-08-27,4,299.96
4745,S002,P001,2026-08-27,1,59.99
4746,S002,P002,2026-08-27,5,199.95
4747,S002,P003,2026-08-27,2,179.98
4748,S002,P004,2026-08-27,4,79.96
4749,S002,P005,2026-08-27,5,149.95
4750,S002,P006,2026-08-27,7,839.93
4751,S002,P007,2026-08-27,3,299.97
4752,S002,P008,2026-08-27,1,79.99
4753,S002,P009,2026-08-27,6,299.94
4754,S002,P010,2026-08-27,2,49.98
4755,S002,P011,2026-08-27,3,134.97
4756,S002,P012,2026-08-27,8,279.92
4757,S002,P013,2026-08-27,7,209.93
4758,S002,P014,2026-08-27,7,139.93
4759,S002,P015,2026-08-27,2,109.98
4760,S002,P016,2026-08-27,2,139.98
4761,S002,P017,2026-08-27,7,244.93
4762,S002,P018,2026-08-27,4,59.96
4763,S002,P019,2026-08-27,8,223.92
4764,S002,P020,2026-08-27,6,449.94
4765,S003,P001,2026-08-27,2,119.98
4766,S003,P002,2026-08-27,8,319.92
4767,S003,P003,2026-08-27,6,539.94
4768,S003,P004,2026-08-27,3,59.97
4769,S003,P005,2026-08-27,6,179.94
4770,S003,P006,2026-08-27,8,959.92
4771,S003,P007,2026-08-27,8,799.92
4772,S003,P008,2026-08-27,1,79.99
4773,S003,P009,2026-08-27,6,299.94
4774,S003,P010,2026-08-27,7,174.93
4775,S003,P011,2026-08-27,8,359.92
4776,S003,P012,2026-08-27,5,174.95
4777,S003,P013,2026-08-27,6,179.94
4778,S003,P014,2026-08-27,3,59.97
4779,S003,P015,2026-08-27,5,274.95
4780,S003,P016,2026-08-27,4,279.96
4781,S003,P017,2026-08-27,2,69.98
4782,S003,P018,2026-08-27,5,74.95
4783,S003,P019,2026-08-27,8,223.92
4784,S003,P020,2026-08-27,7,524.93
4785,S001,P002,2026-08-28,6,239.94
4786,S001,P003,2026-08-28,6,539.94
4787,S001,P004,2026-08-28,6,119.94
4788,S001,P005,2026-08-28,8,239.92
4789,S001,P006,2026-08-28,10,1199.9
4790,S001,P007,2026-08-28,6,599.94
4791,S001,P009,2026-08-28,8,399.92
4792,S001,P010,2026-08-28,5,124.95
4793,S001,P011,2026-08-28,3,134.97
4794,S001,P012,2026-08-28,3,104.97
4795,S001,P013,2026-08-28,3,89.97
4796,S001,P014,2026-08-28,8,159.92
4797,S001,P015,2026-08-28,3,164.97
4798,S001,P016,2026-08-28,3,209.97
4799,S001,P017,2026-08-28,2,69.98
4800,S001,P018,2026-08-28,5,74.95
4801,S001,P019,2026-08-28,2,55.98
4802,S001,P020,2026-08-28,7,524.93
4803,S002,P001,2026-08-28,2,119.98
4804,S002,P002,2026-08-28,3,119.97
4805,S002,P003,2026-08-28,8,719.92
4806,S002,P004,2026-08-28,7,139.93
4807,S002,P005,2026-08-28,3,89.97
4808,S002,P006,2026-08-28,9,1079.91
4809,S002,P007,2026-08-28,4,399.96
4810,S002,P008,2026-08-28,2,159.98
4811,S002,P009,2026-08-28,8,399.92
4812,S002,P010,2026-08-28,2,49.98
4813,S002,P011,2026-08-28,2,89.98
4814,S002,P012,2026-08-28,5,174.95
4815,S002,P013,2026-08-28,6,179.94
4816,S002,P014,2026-08-28,5,99.95
4817,S002,P015,2026-08-28,6,329.94
4818,S002,P016,2026-08-28,4,279.96
4819,S002,P017,2026-08-28,8,279.92
4820,S002,P018,2026-08-28,4,59.96
4821,S002,P019,2026-08-28,6,167.94
4822,S002,P020,2026-08-28,5,374.95
4823,S003,P001,2026-08-28,3,179.97
4824,S003,P002,2026-08-28,2,79.98
4825,S003,P003,2026-08-28,8,719.92
4826,S003,P004,2026-08-28,7,139.93
4827,S003,P005,2026-08-28,6,179.94
4828,S003,P006,2026-08-28,9,1079.91
4829,S003,P007,2026-08-28,8,799.92
4830,S003,P009,2026-08-28,5,249.95
4831,S003,P010,2026-08-28,3,74.97
4832,S003,P011,2026-08-28,3,134.97
4833,S003,P012,2026-08-28,6,209.94
4834,S003,P013,2026-08-28,6,179.94
4835,S003,P014,2026-08-28,6,119.94
4836,S003,P015,2026-08-28,8,439.92
4837,S003,P016,2026-08-28,2,139.98
4838,S003,P017,2026-08-28,2,69.98
4839,S003,P018,2026-08-28,6,89.94
4840,S003,P019,2026-08-28,8,223.92
4841,S003,P020,2026-08-28,2,149.98
4842,S001,P001,2026-08-29,3,179.97
4843,S001,P002,2026-08-29,5,199.95
4844,S001,P003,2026-08-29,10,899.9
4845,S001,P004,2026-08-29,7,139.93
4846,S001,P005,2026-08-29,5,149.95
4847,S001,P006,2026-08-29,8,959.92
4848,S001,P007,2026-08-29,6,599.94
4849,S001,P008,2026-08-29,1,79.99
4850,S001,P009,2026-08-29,7,349.93
4851,S001,P010,2026-08-29,7,174.93
4852,S001,P011,2026-08-29,6,269.94
4853,S001,P012,2026-08-29,2,69.98
4854,S001,P013,2026-08-29,3,89.97
4855,S001,P014,2026-08-29,5,99.95
4856,S001,P015,2026-08-29,6,329.94
4857,S001,P016,2026-08-29,3,209.97
4858,S001,P017,2026-08-29,7,244.93
4859,S001,P018,2026-08-29,7,104.93
4860,S001,P019,2026-08-29,8,223.92
4861,S001,P020,2026-08-29,8,599.92
4862,S002,P001,2026-08-29,2,119.98
4863,S002,P002,2026-08-29,2,79.98
4864,S002,P003,2026-08-29,6,539.94
4865,S002,P004,2026-08-29,5,99.95
4866,S002,P005,2026-08-29,8,239.92
4867,S002,P006,2026-08-29,6,719.94
4868,S002,P007,2026-08-29,8,799.92
4869,S002,P008,2026-08-29,1,79.99
4870,S002,P009,2026-08-29,5,249.95
4871,S002,P010,2026-08-29,2,49.98
4872,S002,P011,2026-08-29,5,224.95
4873,S002,P012,2026-08-29,10,349.9
4874,S002,P013,2026-08-29,10,299.9
4875,S002,P014,2026-08-29,5,99.95
4876,S002,P015,2026-08-29,5,274.95
4877,S002,P016,2026-08-29,5,349.95
4878,S002,P017,2026-08-29,10,349.9
4879,S002,P018,2026-08-29,6,89.94
4880,S002,P019,2026-08-29,10,279.9
4881,S002,P020,2026-08-29,8,599.92
4882,S003,P001,2026-08-29,3,179.97
4883,S003,P002,2026-08-29,2,79.98
4884,S003,P003,2026-08-29,10,899.9
4885,S003,P004,2026-08-29,3,59.97
4886,S003,P005,2026-08-29,3,89.97
4887,S003,P006,2026-08-29,12,1439.88
4888,S003,P007,2026-08-29,6,599.94
4889,S003,P008,2026-08-29,1,79.99
4890,S003,P009,2026-08-29,5,249.95
4891,S003,P010,2026-08-29,8,199.92
4892,S003,P011,2026-08-29,6,269.94
4893,S003,P012,2026-08-29,7,244.93
4894,S003,P013,2026-08-29,8,239.92
4895,S003,P014,2026-08-29,2,39.98
4896,S003,P015,2026-08-29,3,164.97
4897,S003,P016,2026-08-29,6,419.94
4898,S003,P017,2026-08-29,3,104.97
4899,S003,P018,2026-08-29,10,149.9
4900,S003,P019,2026-08-29,6,167.94
4901,S003,P020,2026-08-29,8,599.92
4902,S001,P001,2026-08-30,2,119.98
4903,S001,P002,2026-08-30,10,399.9
4904,S001,P003,2026-08-30,7,629.93
4905,S001,P004,2026-08-30,10,199.9
4906,S001,P005,2026-08-30,5,149.95
4907,S001,P006,2026-08-30,6,719.94
4908,S001,P007,2026-08-30,7,699.93
4909,S001,P009,2026-08-30,2,99.98
4910,S001,P010,2026-08-30,5,124.95
4911,S001,P011,2026-08-30,8,359.92
4912,S001,P012,2026-08-30,7,244.93
4913,S001,P013,2026-08-30,6,179.94
4914,S001,P014,2026-08-30,3,59.97
4915,S001,P015,2026-08-30,10,549.9
4916,S001,P016,2026-08-30,10,699.9
4917,S001,P017,2026-08-30,7,244.93
4918,S001,P018,2026-08-30,7,104.93
4919,S001,P019,2026-08-30,2,55.98
4920,S001,P020,2026-08-30,3,224.97
4921,S002,P001,2026-08-30,1,59.99
4922,S002,P002,2026-08-30,10,399.9
4923,S002,P003,2026-08-30,3,269.97
4924,S002,P004,2026-08-30,10,199.9
4925,S002,P005,2026-08-30,2,59.98
4926,S002,P006,2026-08-30,6,719.94
4927,S002,P007,2026-08-30,6,599.94
4928,S002,P008,2026-08-30,1,79.99
4929,S002,P009,2026-08-30,8,399.92
4930,S002,P010,2026-08-30,3,74.97
4931,S002,P011,2026-08-30,5,224.95
4932,S002,P012,2026-08-30,5,174.95
4933,S002,P013,2026-08-30,10,299.9
4934,S002,P014,2026-08-30,6,119.94
4935,S002,P015,2026-08-30,7,384.93
4936,S002,P016,2026-08-30,6,419.94
4937,S002,P017,2026-08-30,8,279.92
4938,S002,P018,2026-08-30,2,29.98
4939,S002,P019,2026-08-30,8,223.92
4940,S002,P020,2026-08-30,2,149.98
4941,S003,P001,2026-08-30,1,59.99
4942,S003,P002,2026-08-30,5,199.95
4943,S003,P003,2026-08-30,6,539.94
4944,S003,P004,2026-08-30,7,139.93
4945,S003,P005,2026-08-30,6,179.94
4946,S003,P006,2026-08-30,10,1199.9
4947,S003,P007,2026-08-30,7,699.93
4948,S003,P008,2026-08-30,1,79.99
4949,S003,P009,2026-08-30,5,249.95
4950,S003,P010,2026-08-30,3,74.97
4951,S003,P011,2026-08-30,10,449.9
4952,S003,P012,2026-08-30,5,174.95
4953,S003,P013,2026-08-30,8,239.92
4954,S003,P014,2026-08-30,10,199.9
4955,S003,P015,2026-08-30,8,439.92
4956,S003,P016,2026-08-30,2,139.98
4957,S003,P017,2026-08-30,5,174.95
4958,S003,P018,2026-08-30,2,29.98
4959,S003,P019,2026-08-30,6,167.94
4960,S003,P020,2026-08-30,2,149.98
4961,S001,P001,2026-08-31,1,59.99
4962,S001,P002,2026-08-31,8,319.92
4963,S001,P003,2026-08-31,6,539.94
4964,S001,P004,2026-08-31,8,159.92
4965,S001,P005,2026-08-31,3,89.97
4966,S001,P006,2026-08-31,6,719.94
4967,S001,P007,2026-08-31,7,699.93
4968,S001,P008,2026-08-31,2,159.98
4969,S001,P009,2026-08-31,3,149.97
4970,S001,P010,2026-08-31,4,99.96
4971,S001,P011,2026-08-31,7,314.93
4972,S001,P012,2026-08-31,5,174.95
4973,S001,P013,2026-08-31,6,179.94
4974,S001,P014,2026-08-31,2,39.98
4975,S001,P015,2026-08-31,8,439.92
4976,S001,P016,2026-08-31,8,559.92
4977,S001,P017,2026-08-31,8,279.92
4978,S001,P018,2026-08-31,7,104.93
4979,S001,P019,2026-08-31,2,55.98
4980,S001,P020,2026-08-31,5,374.95
4981,S002,P001,2026-08-31,1,59.99
4982,S002,P002,2026-08-31,7,279.93
4983,S002,P003,2026-08-31,3,269.97
4984,S002,P004,2026-08-31,6,119.94
4985,S002,P005,2026-08-31,8,239.92
4986,S002,P006,2026-08-31,6,719.94
4987,S002,P007,2026-08-31,4,399.96
4988,S002,P008,2026-08-31,1,79.99
4989,S002,P009,2026-08-31,7,349.93
4990,S002,P010,2026-08-31,7,174.93
4991,S002,P011,2026-08-31,7,314.93
4992,S002,P012,2026-08-31,4,139.96
4993,S002,P013,2026-08-31,5,149.95
4994,S002,P014,2026-08-31,5,99.95
4995,S002,P015,2026-08-31,8,439.92
4996,S002,P016,2026-08-31,4,279.96
4997,S002,P017,2026-08-31,5,174.95
4998,S002,P018,2026-08-31,4,59.96
4999,S002,P019,2026-08-31,3,83.97
5000,S002,P020,2026-08-31,5,374.95
5001,S003,P001,2026-08-31,1,59.99
5002,S003,P002,2026-08-31,7,279.93
5003,S003,P003,2026-08-31,6,539.94
5004,S003,P004,2026-08-31,8,159.92
5005,S003,P005,2026-08-31,6,179.94
5006,S003,P006,2026-08-31,9,1079.91
5007,S003,P007,2026-08-31,2,199.98
5008,S003,P008,2026-08-31,2,159.98
5009,S003,P009,2026-08-31,7,349.93
5010,S003,P010,2026-08-31,8,199.92
5011,S003,P011,2026-08-31,8,359.92
5012,S003,P012,2026-08-31,4,139.96
5013,S003,P013,2026-08-31,6,179.94
5014,S003,P014,2026-08-31,7,139.93
5015,S003,P015,2026-08-31,6,329.94
5016,S003,P016,2026-08-31,6,419.94
5017,S003,P017,2026-08-31,4,139.96
5018,S003,P018,2026-08-31,4,59.96
5019,S003,P019,2026-08-31,7,195.93
5020,S003,P020,2026-08-31,2,149.98
5021,S001,P001,2026-09-01,2,119.98
5022,S001,P002,2026-09-01,2,79.98
5023,S001,P003,2026-09-01,4,359.96
5024,S001,P004,2026-09-01,4,79.96
5025,S001,P005,2026-09-01,7,209.93
5026,S001,P006,2026-09-01,7,839.93
5027,S001,P007,2026-09-01,4,399.96
5028,S001,P008,2026-09-01,2,159.98
5029,S001,P009,2026-09-01,7,349.93
5030,S001,P010,2026-09-01,4,99.96
5031,S001,P011,2026-09-01,3,134.97
5032,S001,P012,2026-09-01,3,104.97
5033,S001,P013,2026-09-01,6,179.94
5034,S001,P014,2026-09-01,8,159.92
5035,S001,P015,2026-09-01,3,164.97
5036,S001,P016,2026-09-01,2,139.98
5037,S001,P017,2026-09-01,8,279.92
5038,S001,P018,2026-09-01,8,119.92
5039,S001,P019,2026-09-01,8,223.92
5040,S001,P020,2026-09-01,8,599.92
5041,S002,P001,2026-09-01,2,119.98
5042,S002,P002,2026-09-01,5,199.95
5043,S002,P003,2026-09-01,7,629.93
5044,S002,P004,2026-09-01,4,79.96
5045,S002,P005,2026-09-01,7,209.93
5046,S002,P006,2026-09-01,10,1199.9
5047,S002,P007,2026-09-01,2,199.98
5048,S002,P008,2026-09-01,1,79.99
5049,S002,P009,2026-09-01,4,199.96
5050,S002,P010,2026-09-01,4,99.96
5051,S002,P011,2026-09-01,5,224.95
5052,S002,P012,2026-09-01,5,174.95
5053,S002,P013,2026-09-01,5,149.95
5054,S002,P014,2026-09-01,7,139.93
5055,S002,P015,2026-09-01,2,109.98
5056,S002,P016,2026-09-01,6,419.94
5057,S002,P017,2026-09-01,7,244.93
5058,S002,P018,2026-09-01,6,89.94
5059,S002,P019,2026-09-01,8,223.92
5060,S002,P020,2026-09-01,3,224.97
5061,S003,P001,2026-09-01,1,59.99
5062,S003,P002,2026-09-01,7,279.93
5063,S003,P003,2026-09-01,7,629.93
5064,S003,P004,2026-09-01,3,59.97
5065,S003,P005,2026-09-01,7,209.93
5066,S003,P006,2026-09-01,10,1199.9
5067,S003,P007,2026-09-01,8,799.92
5068,S003,P008,2026-09-01,2,159.98
5069,S003,P009,2026-09-01,4,199.96
5070,S003,P010,2026-09-01,6,149.94
5071,S003,P011,2026-09-01,4,179.96
5072,S003,P012,2026-09-01,8,279.92
5073,S003,P013,2026-09-01,3,89.97
5074,S003,P014,2026-09-01,8,159.92
5075,S003,P015,2026-09-01,7,384.93
5076,S003,P016,2026-09-01,6,419.94
5077,S003,P017,2026-09-01,3,104.97
5078,S003,P018,2026-09-01,4,59.96
5079,S003,P019,2026-09-01,2,55.98
5080,S003,P020,2026-09-01,5,374.95
5081,S001,P001,2026-09-02,1,59.99
5082,S001,P002,2026-09-02,7,279.93
5083,S001,P003,2026-09-02,4,359.96
5084,S001,P004,2026-09-02,7,139.93
5085,S001,P005,2026-09-02,8,239.92
5086,S001,P006,2026-09-02,6,719.94
5087,S001,P007,2026-09-02,7,699.93
5088,S001,P008,2026-09-02,2,159.98
5089,S001,P009,2026-09-02,2,99.98
5090,S001,P010,2026-09-02,3,74.97
5091,S001,P011,2026-09-02,4,179.96
5092,S001,P012,2026-09-02,3,104.97
5093,S001,P013,2026-09-02,7,209.93
5094,S001,P014,2026-09-02,8,159.92
5095,S001,P015,2026-09-02,4,219.96
5096,S001,P016,2026-09-02,5,349.95
5097,S001,P017,2026-09-02,8,279.92
5098,S001,P018,2026-09-02,4,59.96
5099,S001,P019,2026-09-02,4,111.96
5100,S001,P020,2026-09-02,4,299.96
5101,S002,P001,2026-09-02,2,119.98
5102,S002,P002,2026-09-02,4,159.96
5103,S002,P003,2026-09-02,5,449.95
5104,S002,P004,2026-09-02,8,159.92
5105,S002,P005,2026-09-02,2,59.98
5106,S002,P006,2026-09-02,5,599.95
5107,S002,P007,2026-09-02,8,799.92
5108,S002,P008,2026-09-02,2,159.98
5109,S002,P009,2026-09-02,6,299.94
5110,S002,P010,2026-09-02,6,149.94
5111,S002,P011,2026-09-02,2,89.98
5112,S002,P012,2026-09-02,5,174.95
5113,S002,P013,2026-09-02,3,89.97
5114,S002,P014,2026-09-02,6,119.94
5115,S002,P015,2026-09-02,2,109.98
5116,S002,P016,2026-09-02,8,559.92
5117,S002,P017,2026-09-02,7,244.93
5118,S002,P018,2026-09-02,5,74.95
5119,S002,P019,2026-09-02,6,167.94
5120,S002,P020,2026-09-02,4,299.96
5121,S003,P001,2026-09-02,2,119.98
5122,S003,P002,2026-09-02,2,79.98
5123,S003,P003,2026-09-02,8,719.92
5124,S003,P004,2026-09-02,8,159.92
5125,S003,P005,2026-09-02,3,89.97
5126,S003,P006,2026-09-02,6,719.94
5127,S003,P007,2026-09-02,4,399.96
5128,S003,P008,2026-09-02,2,159.98
5129,S003,P009,2026-09-02,5,249.95
5130,S003,P010,2026-09-02,3,74.97
5131,S003,P011,2026-09-02,4,179.96
5132,S003,P012,2026-09-02,8,279.92
5133,S003,P013,2026-09-02,7,209.93
5134,S003,P014,2026-09-02,3,59.97
5135,S003,P015,2026-09-02,8,439.92
5136,S003,P016,2026-09-02,2,139.98
5137,S003,P017,2026-09-02,5,174.95
5138,S003,P018,2026-09-02,4,59.96
5139,S003,P019,2026-09-02,7,195.93
5140,S003,P020,2026-09-02,3,224.97
5141,S001,P001,2026-09-03,1,59.99
5142,S001,P002,2026-09-03,7,279.93
5143,S001,P003,2026-09-03,2,179.98
5144,S001,P004,2026-09-03,2,39.98
5145,S001,P005,2026-09-03,5,149.95
5146,S001,P006,2026-09-03,6,719.94
5147,S001,P007,2026-09-03,8,799.92
5148,S001,P009,2026-09-03,6,299.94
5149,S001,P010,2026-09-03,8,199.92
5150,S001,P011,2026-09-03,3,134.97
5151,S001,P012,2026-09-03,5,174.95
5152,S001,P013,2026-09-03,8,239.92
5153,S001,P014,2026-09-03,8,159.92
5154,S001,P015,2026-09-03,8,439.92
5155,S001,P016,2026-09-03,2,139.98
5156,S001,P017,2026-09-03,3,104.97
5157,S001,P018,2026-09-03,6,89.94
5158,S001,P019,2026-09-03,5,139.95
5159,S001,P020,2026-09-03,7,524.93
5160,S002,P001,2026-09-03,2,119.98
5161,S002,P002,2026-09-03,5,199.95
5162,S002,P003,2026-09-03,5,449.95
5163,S002,P004,2026-09-03,5,99.95
5164,S002,P005,2026-09-03,5,149.95
5165,S002,P006,2026-09-03,5,599.95
5166,S002,P007,2026-09-03,6,599.94
5167,S002,P008,2026-09-03,2,159.98
5168,S002,P009,2026-09-03,4,199.96
5169,S002,P010,2026-09-03,2,49.98
5170,S002,P011,2026-09-03,4,179.96
5171,S002,P012,2026-09-03,8,279.92
5172,S002,P013,2026-09-03,8,239.92
5173,S002,P014,2026-09-03,6,119.94
5174,S002,P015,2026-09-03,3,164.97
5175,S002,P016,2026-09-03,2,139.98
5176,S002,P017,2026-09-03,7,244.93
5177,S002,P018,2026-09-03,2,29.98
5178,S002,P019,2026-09-03,7,195.93
5179,S002,P020,2026-09-03,7,524.93
5180,S003,P001,2026-09-03,1,59.99
5181,S003,P002,2026-09-03,3,119.97
5182,S003,P003,2026-09-03,7,629.93
5183,S003,P004,2026-09-03,4,79.96
5184,S003,P005,2026-09-03,4,119.96
5185,S003,P006,2026-09-03,5,599.95
5186,S003,P007,2026-09-03,5,499.95
5187,S003,P008,2026-09-03,2,159.98
5188,S003,P009,2026-09-03,4,199.96
5189,S003,P010,2026-09-03,3,74.97
5190,S003,P011,2026-09-03,2,89.98
5191,S003,P012,2026-09-03,8,279.92
5192,S003,P013,2026-09-03,2,59.98
5193,S003,P014,2026-09-03,4,79.96
5194,S003,P015,2026-09-03,4,219.96
5195,S003,P016,2026-09-03,5,349.95
5196,S003,P017,2026-09-03,7,244.93
5197,S003,P018,2026-09-03,6,89.94
5198,S003,P019,2026-09-03,6,167.94
5199,S003,P020,2026-09-03,6,449.94
5200,S001,P001,2026-09-04,1,59.99
5201,S001,P002,2026-09-04,5,199.95
5202,S001,P003,2026-09-04,7,629.93
5203,S001,P004,2026-09-04,3,59.97
5204,S001,P005,2026-09-04,4,119.96
5205,S001,P006,2026-09-04,7,839.93
5206,S001,P007,2026-09-04,8,799.92
5207,S001,P009,2026-09-04,8,399.92
5208,S001,P010,2026-09-04,5,124.95
5209,S001,P011,2026-09-04,2,89.98
5210,S001,P012,2026-09-04,3,104.97
5211,S001,P013,2026-09-04,3,89.97
5212,S001,P014,2026-09-04,7,139.93
5213,S001,P015,2026-09-04,3,164.97
5214,S001,P016,2026-09-04,3,209.97
5215,S001,P017,2026-09-04,7,244.93
5216,S001,P018,2026-09-04,2,29.98
5217,S001,P019,2026-09-04,6,167.94
5218,S001,P020,2026-09-04,6,449.94
5219,S002,P001,2026-09-04,1,59.99
5220,S002,P002,2026-09-04,2,79.98
5221,S002,P003,2026-09-04,4,359.96
5222,S002,P004,2026-09-04,7,139.93
5223,S002,P005,2026-09-04,7,209.93
5224,S002,P006,2026-09-04,5,599.95
5225,S002,P007,2026-09-04,5,499.95
5226,S002,P008,2026-09-04,1,79.99
5227,S002,P009,2026-09-04,8,399.92
5228,S002,P010,2026-09-04,6,149.94
5229,S002,P011,2026-09-04,6,269.94
5230,S002,P012,2026-09-04,2,69.98
5231,S002,P013,2026-09-04,6,179.94
5232,S002,P014,2026-09-04,2,39.98
5233,S002,P015,2026-09-04,7,384.93
5234,S002,P016,2026-09-04,2,139.98
5235,S002,P017,2026-09-04,7,244.93
5236,S002,P018,2026-09-04,8,119.92
5237,S002,P019,2026-09-04,2,55.98
5238,S002,P020,2026-09-04,2,149.98
5239,S003,P001,2026-09-04,3,179.97
5240,S003,P002,2026-09-04,2,79.98
5241,S003,P003,2026-09-04,5,449.95
5242,S003,P004,2026-09-04,5,99.95
5243,S003,P005,2026-09-04,5,149.95
5244,S003,P006,2026-09-04,9,1079.91
5245,S003,P007,2026-09-04,4,399.96
5246,S003,P008,2026-09-04,2,159.98
5247,S003,P009,2026-09-04,3,149.97
5248,S003,P010,2026-09-04,3,74.97
5249,S003,P011,2026-09-04,7,314.93
5250,S003,P012,2026-09-04,7,244.93
5251,S003,P013,2026-09-04,7,209.93
5252,S003,P014,2026-09-04,2,39.98
5253,S003,P015,2026-09-04,4,219.96
5254,S003,P016,2026-09-04,5,349.95
5255,S003,P017,2026-09-04,7,244.93
5256,S003,P018,2026-09-04,2,29.98
5257,S003,P019,2026-09-04,7,195.93
5258,S003,P020,2026-09-04,6,449.94
5259,S001,P001,2026-09-05,1,59.99
5260,S001,P002,2026-09-05,7,279.93
5261,S001,P003,2026-09-05,7,629.93
5262,S001,P004,2026-09-05,8,159.92
5263,S001,P005,2026-09-05,3,89.97
5264,S001,P006,2026-09-05,6,719.94
5265,S001,P007,2026-09-05,7,699.93
5266,S001,P008,2026-09-05,2,159.98
5267,S001,P009,2026-09-05,2,99.98
5268,S001,P010,2026-09-05,5,124.95
5269,S001,P011,2026-09-05,2,89.98
5270,S001,P012,2026-09-05,10,349.9
5271,S001,P013,2026-09-05,2,59.98
5272,S001,P014,2026-09-05,6,119.94
5273,S001,P015,2026-09-05,3,164.97
5274,S001,P016,2026-09-05,7,489.93
5275,S001,P017,2026-09-05,3,104.97
5276,S001,P018,2026-09-05,10,149.9
5277,S001,P019,2026-09-05,5,139.95
5278,S001,P020,2026-09-05,10,749.9
5279,S002,P001,2026-09-05,2,119.98
5280,S002,P002,2026-09-05,3,119.97
5281,S002,P003,2026-09-05,5,449.95
5282,S002,P004,2026-09-05,8,159.92
5283,S002,P005,2026-09-05,6,179.94
5284,S002,P006,2026-09-05,7,839.93
5285,S002,P007,2026-09-05,2,199.98
5286,S002,P008,2026-09-05,1,79.99
5287,S002,P009,2026-09-05,3,149.97
5288,S002,P010,2026-09-05,8,199.92
5289,S002,P011,2026-09-05,6,269.94
5290,S002,P012,2026-09-05,5,174.95
5291,S002,P013,2026-09-05,3,89.97
5292,S002,P014,2026-09-05,2,39.98
5293,S002,P015,2026-09-05,2,109.98
5294,S002,P016,2026-09-05,8,559.92
5295,S002,P017,2026-09-05,2,69.98
5296,S002,P018,2026-09-05,2,29.98
5297,S002,P019,2026-09-05,10,279.9
5298,S002,P020,2026-09-05,7,524.93
5299,S003,P001,2026-09-05,3,179.97
5300,S003,P002,2026-09-05,6,239.94
5301,S003,P003,2026-09-05,3,269.97
5302,S003,P004,2026-09-05,2,39.98
5303,S003,P005,2026-09-05,10,299.9
5304,S003,P006,2026-09-05,6,719.94
5305,S003,P007,2026-09-05,8,799.92
5306,S003,P009,2026-09-05,5,249.95
5307,S003,P010,2026-09-05,8,199.92
5308,S003,P011,2026-09-05,3,134.97
5309,S003,P012,2026-09-05,6,209.94
5310,S003,P013,2026-09-05,5,149.95
5311,S003,P014,2026-09-05,5,99.95
5312,S003,P015,2026-09-05,6,329.94
5313,S003,P016,2026-09-05,2,139.98
5314,S003,P017,2026-09-05,2,69.98
5315,S003,P018,2026-09-05,10,149.9
5316,S003,P019,2026-09-05,3,83.97
5317,S003,P020,2026-09-05,10,749.9
